-- MySQL dump 10.13  Distrib 8.0.19, for Win64 (x86_64)
--
-- Host: localhost    Database: spring_batch_example
-- ------------------------------------------------------
-- Server version	8.0.19

/*!40101 SET @OLD_CHARACTER_SET_CLIENT=@@CHARACTER_SET_CLIENT */;
/*!40101 SET @OLD_CHARACTER_SET_RESULTS=@@CHARACTER_SET_RESULTS */;
/*!40101 SET @OLD_COLLATION_CONNECTION=@@COLLATION_CONNECTION */;
/*!50503 SET NAMES utf8 */;
/*!40103 SET @OLD_TIME_ZONE=@@TIME_ZONE */;
/*!40103 SET TIME_ZONE='+00:00' */;
/*!40014 SET @OLD_UNIQUE_CHECKS=@@UNIQUE_CHECKS, UNIQUE_CHECKS=0 */;
/*!40014 SET @OLD_FOREIGN_KEY_CHECKS=@@FOREIGN_KEY_CHECKS, FOREIGN_KEY_CHECKS=0 */;
/*!40101 SET @OLD_SQL_MODE=@@SQL_MODE, SQL_MODE='NO_AUTO_VALUE_ON_ZERO' */;
/*!40111 SET @OLD_SQL_NOTES=@@SQL_NOTES, SQL_NOTES=0 */;

--
-- Table structure for table `batch_job_execution`
--

DROP TABLE IF EXISTS `batch_job_execution`;
/*!40101 SET @saved_cs_client     = @@character_set_client */;
/*!50503 SET character_set_client = utf8mb4 */;
CREATE TABLE `batch_job_execution` (
  `JOB_EXECUTION_ID` bigint NOT NULL,
  `VERSION` bigint DEFAULT NULL,
  `JOB_INSTANCE_ID` bigint NOT NULL,
  `CREATE_TIME` datetime NOT NULL,
  `START_TIME` datetime DEFAULT NULL,
  `END_TIME` datetime DEFAULT NULL,
  `STATUS` varchar(10) DEFAULT NULL,
  `EXIT_CODE` varchar(2500) DEFAULT NULL,
  `EXIT_MESSAGE` varchar(2500) DEFAULT NULL,
  `LAST_UPDATED` datetime DEFAULT NULL,
  `JOB_CONFIGURATION_LOCATION` varchar(2500) DEFAULT NULL,
  PRIMARY KEY (`JOB_EXECUTION_ID`),
  KEY `JOB_INST_EXEC_FK` (`JOB_INSTANCE_ID`),
  CONSTRAINT `JOB_INST_EXEC_FK` FOREIGN KEY (`JOB_INSTANCE_ID`) REFERENCES `batch_job_instance` (`JOB_INSTANCE_ID`)
) ENGINE=InnoDB DEFAULT CHARSET=utf8mb4 COLLATE=utf8mb4_0900_ai_ci;
/*!40101 SET character_set_client = @saved_cs_client */;

--
-- Dumping data for table `batch_job_execution`
--

LOCK TABLES `batch_job_execution` WRITE;
/*!40000 ALTER TABLE `batch_job_execution` DISABLE KEYS */;
INSERT INTO `batch_job_execution` VALUES (1,2,1,'2020-05-17 14:26:00','2020-05-17 14:26:00','2020-05-17 14:26:01','COMPLETED','COMPLETED','','2020-05-17 14:26:01',NULL),(2,2,2,'2020-05-17 14:36:10','2020-05-17 14:36:10','2020-05-17 14:36:10','COMPLETED','COMPLETED','','2020-05-17 14:36:10',NULL),(3,2,3,'2020-05-17 15:01:45','2020-05-17 15:01:45','2020-05-17 15:01:46','FAILED','FAILED','java.lang.NullPointerException\r\n	at com.example.batchexample.batch.DBWriter.addChar2(DBWriter.java:19)\r\n	at com.example.batchexample.batch.DBWriter.write(DBWriter.java:30)\r\n	at org.springframework.batch.core.step.item.SimpleChunkProcessor.writeItems(SimpleChunkProcessor.java:193)\r\n	at org.springframework.batch.core.step.item.SimpleChunkProcessor.doWrite(SimpleChunkProcessor.java:159)\r\n	at org.springframework.batch.core.step.item.SimpleChunkProcessor.write(SimpleChunkProcessor.java:294)\r\n	at org.springframework.batch.core.step.item.SimpleChunkProcessor.process(SimpleChunkProcessor.java:217)\r\n	at org.springframework.batch.core.step.item.ChunkOrientedTasklet.execute(ChunkOrientedTasklet.java:77)\r\n	at org.springframework.batch.core.step.tasklet.TaskletStep$ChunkTransactionCallback.doInTransaction(TaskletStep.java:407)\r\n	at org.springframework.batch.core.step.tasklet.TaskletStep$ChunkTransactionCallback.doInTransaction(TaskletStep.java:331)\r\n	at org.springframework.transaction.support.TransactionTemplate.execute(TransactionTemplate.java:140)\r\n	at org.springframework.batch.core.step.tasklet.TaskletStep$2.doInChunkContext(TaskletStep.java:273)\r\n	at org.springframework.batch.core.scope.context.StepContextRepeatCallback.doInIteration(StepContextRepeatCallback.java:82)\r\n	at org.springframework.batch.repeat.support.RepeatTemplate.getNextResult(RepeatTemplate.java:375)\r\n	at org.springframework.batch.repeat.support.RepeatTemplate.executeInternal(RepeatTemplate.java:215)\r\n	at org.springframework.batch.repeat.support.RepeatTemplate.iterate(RepeatTemplate.java:145)\r\n	at org.springframework.batch.core.step.tasklet.TaskletStep.doExecute(TaskletStep.java:258)\r\n	at org.springframework.batch.core.step.AbstractStep.execute(AbstractStep.java:208)\r\n	at org.springframework.batch.core.job.SimpleStepHandler.handleStep(SimpleStepHandler.java:148)\r\n	at org.springframework.batch.core.job.AbstractJob.handleStep(AbstractJob.java:410)\r\n	at org.springframework.batch.core.job.SimpleJob.doExecute(SimpleJob.java:136)\r\n	at org.springframework.batch.core.job.AbstractJob.execute(AbstractJob.java:319)\r\n	at org.springframework.batch.core.launch.support.SimpleJobLauncher$1.run(SimpleJobLauncher.java:147)\r\n	at org.springframework.core.task.SyncTaskExecutor.execute(SyncTaskExecutor.java:50)\r\n	at org.springframework.batch.core.launch.support.SimpleJobLauncher.run(SimpleJobLauncher.java:140)\r\n	at sun.reflect.NativeMethodAccessorImpl.invoke0(Native Method)\r\n	at sun.reflect.NativeMethodAccessorImpl.invok','2020-05-17 15:01:46',NULL),(4,2,4,'2020-05-17 15:05:03','2020-05-17 15:05:03','2020-05-17 15:05:03','COMPLETED','COMPLETED','','2020-05-17 15:05:03',NULL),(5,2,5,'2020-05-18 23:19:56','2020-05-18 23:19:56','2020-05-18 23:19:56','COMPLETED','COMPLETED','','2020-05-18 23:19:56',NULL),(6,2,6,'2020-05-18 23:25:38','2020-05-18 23:25:39','2020-05-18 23:25:39','COMPLETED','COMPLETED','','2020-05-18 23:25:39',NULL),(7,2,7,'2020-05-19 00:03:07','2020-05-19 00:03:07','2020-05-19 00:03:08','COMPLETED','COMPLETED','','2020-05-19 00:03:08',NULL),(8,2,8,'2020-05-19 00:04:03','2020-05-19 00:04:04','2020-05-19 00:04:04','COMPLETED','COMPLETED','','2020-05-19 00:04:04',NULL),(9,2,9,'2020-05-19 00:09:58','2020-05-19 00:09:58','2020-05-19 00:09:59','COMPLETED','COMPLETED','','2020-05-19 00:09:59',NULL),(10,2,10,'2020-05-19 23:03:07','2020-05-19 23:03:07','2020-05-19 23:03:07','FAILED','FAILED','java.lang.NullPointerException\r\n	at com.example.batchexample.batch.DBWriter.write(DBWriter.java:29)\r\n	at org.springframework.batch.core.step.item.SimpleChunkProcessor.writeItems(SimpleChunkProcessor.java:193)\r\n	at org.springframework.batch.core.step.item.SimpleChunkProcessor.doWrite(SimpleChunkProcessor.java:159)\r\n	at org.springframework.batch.core.step.item.SimpleChunkProcessor.write(SimpleChunkProcessor.java:294)\r\n	at org.springframework.batch.core.step.item.SimpleChunkProcessor.process(SimpleChunkProcessor.java:217)\r\n	at org.springframework.batch.core.step.item.ChunkOrientedTasklet.execute(ChunkOrientedTasklet.java:77)\r\n	at org.springframework.batch.core.step.tasklet.TaskletStep$ChunkTransactionCallback.doInTransaction(TaskletStep.java:407)\r\n	at org.springframework.batch.core.step.tasklet.TaskletStep$ChunkTransactionCallback.doInTransaction(TaskletStep.java:331)\r\n	at org.springframework.transaction.support.TransactionTemplate.execute(TransactionTemplate.java:140)\r\n	at org.springframework.batch.core.step.tasklet.TaskletStep$2.doInChunkContext(TaskletStep.java:273)\r\n	at org.springframework.batch.core.scope.context.StepContextRepeatCallback.doInIteration(StepContextRepeatCallback.java:82)\r\n	at org.springframework.batch.repeat.support.RepeatTemplate.getNextResult(RepeatTemplate.java:375)\r\n	at org.springframework.batch.repeat.support.RepeatTemplate.executeInternal(RepeatTemplate.java:215)\r\n	at org.springframework.batch.repeat.support.RepeatTemplate.iterate(RepeatTemplate.java:145)\r\n	at org.springframework.batch.core.step.tasklet.TaskletStep.doExecute(TaskletStep.java:258)\r\n	at org.springframework.batch.core.step.AbstractStep.execute(AbstractStep.java:208)\r\n	at org.springframework.batch.core.job.SimpleStepHandler.handleStep(SimpleStepHandler.java:148)\r\n	at org.springframework.batch.core.job.AbstractJob.handleStep(AbstractJob.java:410)\r\n	at org.springframework.batch.core.job.SimpleJob.doExecute(SimpleJob.java:136)\r\n	at org.springframework.batch.core.job.AbstractJob.execute(AbstractJob.java:319)\r\n	at org.springframework.batch.core.launch.support.SimpleJobLauncher$1.run(SimpleJobLauncher.java:147)\r\n	at org.springframework.core.task.SyncTaskExecutor.execute(SyncTaskExecutor.java:50)\r\n	at org.springframework.batch.core.launch.support.SimpleJobLauncher.run(SimpleJobLauncher.java:140)\r\n	at sun.reflect.NativeMethodAccessorImpl.invoke0(Native Method)\r\n	at sun.reflect.NativeMethodAccessorImpl.invoke(NativeMethodAccessorImpl.java:62)\r\n	at sun.reflect.DelegatingMethodAcc','2020-05-19 23:03:07',NULL),(11,2,11,'2020-05-19 23:09:24','2020-05-19 23:09:25','2020-05-19 23:09:25','COMPLETED','COMPLETED','','2020-05-19 23:09:25',NULL),(12,2,12,'2020-05-19 23:28:50','2020-05-19 23:28:50','2020-05-19 23:28:50','COMPLETED','COMPLETED','','2020-05-19 23:28:50',NULL),(13,2,13,'2020-05-19 23:43:16','2020-05-19 23:43:17','2020-05-19 23:43:17','FAILED','FAILED','org.springframework.batch.item.ItemStreamException: Could not convert resource to file: [class path resource [persons.csv]]\r\n	at org.springframework.batch.item.support.AbstractFileItemWriter.getOutputState(AbstractFileItemWriter.java:370)\r\n	at org.springframework.batch.item.support.AbstractFileItemWriter.open(AbstractFileItemWriter.java:308)\r\n	at org.springframework.batch.item.support.CompositeItemStream.open(CompositeItemStream.java:103)\r\n	at org.springframework.batch.core.step.tasklet.TaskletStep.open(TaskletStep.java:311)\r\n	at org.springframework.batch.core.step.AbstractStep.execute(AbstractStep.java:205)\r\n	at org.springframework.batch.core.job.SimpleStepHandler.handleStep(SimpleStepHandler.java:148)\r\n	at org.springframework.batch.core.job.AbstractJob.handleStep(AbstractJob.java:410)\r\n	at org.springframework.batch.core.job.SimpleJob.doExecute(SimpleJob.java:136)\r\n	at org.springframework.batch.core.job.AbstractJob.execute(AbstractJob.java:319)\r\n	at org.springframework.batch.core.launch.support.SimpleJobLauncher$1.run(SimpleJobLauncher.java:147)\r\n	at org.springframework.core.task.SyncTaskExecutor.execute(SyncTaskExecutor.java:50)\r\n	at org.springframework.batch.core.launch.support.SimpleJobLauncher.run(SimpleJobLauncher.java:140)\r\n	at sun.reflect.NativeMethodAccessorImpl.invoke0(Native Method)\r\n	at sun.reflect.NativeMethodAccessorImpl.invoke(NativeMethodAccessorImpl.java:62)\r\n	at sun.reflect.DelegatingMethodAccessorImpl.invoke(DelegatingMethodAccessorImpl.java:43)\r\n	at java.lang.reflect.Method.invoke(Method.java:498)\r\n	at org.springframework.aop.support.AopUtils.invokeJoinpointUsingReflection(AopUtils.java:344)\r\n	at org.springframework.aop.framework.ReflectiveMethodInvocation.invokeJoinpoint(ReflectiveMethodInvocation.java:198)\r\n	at org.springframework.aop.framework.ReflectiveMethodInvocation.proceed(ReflectiveMethodInvocation.java:163)\r\n	at org.springframework.batch.core.configuration.annotation.SimpleBatchConfiguration$PassthruAdvice.invoke(SimpleBatchConfiguration.java:127)\r\n	at org.springframework.aop.framework.ReflectiveMethodInvocation.proceed(ReflectiveMethodInvocation.java:186)\r\n	at org.springframework.aop.framework.JdkDynamicAopProxy.invoke(JdkDynamicAopProxy.java:212)\r\n	at com.sun.proxy.$Proxy85.run(Unknown Source)\r\n	at batch.example.batchspringexample.controller.LoadController.load(LoadController.java:32)\r\n	at sun.reflect.NativeMethodAccessorImpl.invoke0(Native Method)\r\n	at sun.reflect.NativeMethodAccessorImpl.invoke(NativeMethodAccessorImpl.jav','2020-05-19 23:43:17',NULL),(14,2,14,'2020-05-19 23:44:01','2020-05-19 23:44:01','2020-05-19 23:44:02','FAILED','FAILED','org.springframework.batch.item.ItemStreamException: Could not convert resource to file: [class path resource [persons.csv]]\r\n	at org.springframework.batch.item.support.AbstractFileItemWriter.getOutputState(AbstractFileItemWriter.java:370)\r\n	at org.springframework.batch.item.support.AbstractFileItemWriter.open(AbstractFileItemWriter.java:308)\r\n	at org.springframework.batch.item.support.CompositeItemStream.open(CompositeItemStream.java:103)\r\n	at org.springframework.batch.core.step.tasklet.TaskletStep.open(TaskletStep.java:311)\r\n	at org.springframework.batch.core.step.AbstractStep.execute(AbstractStep.java:205)\r\n	at org.springframework.batch.core.job.SimpleStepHandler.handleStep(SimpleStepHandler.java:148)\r\n	at org.springframework.batch.core.job.AbstractJob.handleStep(AbstractJob.java:410)\r\n	at org.springframework.batch.core.job.SimpleJob.doExecute(SimpleJob.java:136)\r\n	at org.springframework.batch.core.job.AbstractJob.execute(AbstractJob.java:319)\r\n	at org.springframework.batch.core.launch.support.SimpleJobLauncher$1.run(SimpleJobLauncher.java:147)\r\n	at org.springframework.core.task.SyncTaskExecutor.execute(SyncTaskExecutor.java:50)\r\n	at org.springframework.batch.core.launch.support.SimpleJobLauncher.run(SimpleJobLauncher.java:140)\r\n	at sun.reflect.NativeMethodAccessorImpl.invoke0(Native Method)\r\n	at sun.reflect.NativeMethodAccessorImpl.invoke(NativeMethodAccessorImpl.java:62)\r\n	at sun.reflect.DelegatingMethodAccessorImpl.invoke(DelegatingMethodAccessorImpl.java:43)\r\n	at java.lang.reflect.Method.invoke(Method.java:498)\r\n	at org.springframework.aop.support.AopUtils.invokeJoinpointUsingReflection(AopUtils.java:344)\r\n	at org.springframework.aop.framework.ReflectiveMethodInvocation.invokeJoinpoint(ReflectiveMethodInvocation.java:198)\r\n	at org.springframework.aop.framework.ReflectiveMethodInvocation.proceed(ReflectiveMethodInvocation.java:163)\r\n	at org.springframework.batch.core.configuration.annotation.SimpleBatchConfiguration$PassthruAdvice.invoke(SimpleBatchConfiguration.java:127)\r\n	at org.springframework.aop.framework.ReflectiveMethodInvocation.proceed(ReflectiveMethodInvocation.java:186)\r\n	at org.springframework.aop.framework.JdkDynamicAopProxy.invoke(JdkDynamicAopProxy.java:212)\r\n	at com.sun.proxy.$Proxy85.run(Unknown Source)\r\n	at batch.example.batchspringexample.controller.LoadController.load(LoadController.java:32)\r\n	at sun.reflect.NativeMethodAccessorImpl.invoke0(Native Method)\r\n	at sun.reflect.NativeMethodAccessorImpl.invoke(NativeMethodAccessorImpl.jav','2020-05-19 23:44:02',NULL),(15,2,15,'2020-05-19 23:45:46','2020-05-19 23:45:46','2020-05-19 23:45:46','COMPLETED','COMPLETED','','2020-05-19 23:45:46',NULL),(16,2,16,'2020-05-19 23:47:20','2020-05-19 23:47:20','2020-05-19 23:47:20','COMPLETED','COMPLETED','','2020-05-19 23:47:20',NULL),(17,2,17,'2020-05-19 23:50:12','2020-05-19 23:50:12','2020-05-19 23:50:12','COMPLETED','COMPLETED','','2020-05-19 23:50:12',NULL),(18,2,18,'2020-05-19 23:50:40','2020-05-19 23:50:40','2020-05-19 23:50:40','COMPLETED','COMPLETED','','2020-05-19 23:50:40',NULL),(19,2,19,'2020-05-19 23:50:41','2020-05-19 23:50:41','2020-05-19 23:50:41','COMPLETED','COMPLETED','','2020-05-19 23:50:41',NULL),(20,2,20,'2020-05-19 23:52:54','2020-05-19 23:52:54','2020-05-19 23:52:54','COMPLETED','COMPLETED','','2020-05-19 23:52:54',NULL),(21,2,21,'2020-05-21 12:07:31','2020-05-21 12:07:31','2020-05-21 12:07:31','FAILED','FAILED','org.springframework.batch.item.ItemStreamException: Could not convert resource to file: [class path resource [persons.csv]]\r\n	at org.springframework.batch.item.support.AbstractFileItemWriter.getOutputState(AbstractFileItemWriter.java:370)\r\n	at org.springframework.batch.item.support.AbstractFileItemWriter.open(AbstractFileItemWriter.java:308)\r\n	at org.springframework.batch.item.support.CompositeItemStream.open(CompositeItemStream.java:103)\r\n	at org.springframework.batch.core.step.tasklet.TaskletStep.open(TaskletStep.java:311)\r\n	at org.springframework.batch.core.step.AbstractStep.execute(AbstractStep.java:205)\r\n	at org.springframework.batch.core.job.SimpleStepHandler.handleStep(SimpleStepHandler.java:148)\r\n	at org.springframework.batch.core.job.AbstractJob.handleStep(AbstractJob.java:410)\r\n	at org.springframework.batch.core.job.SimpleJob.doExecute(SimpleJob.java:136)\r\n	at org.springframework.batch.core.job.AbstractJob.execute(AbstractJob.java:319)\r\n	at org.springframework.batch.core.launch.support.SimpleJobLauncher$1.run(SimpleJobLauncher.java:147)\r\n	at org.springframework.core.task.SyncTaskExecutor.execute(SyncTaskExecutor.java:50)\r\n	at org.springframework.batch.core.launch.support.SimpleJobLauncher.run(SimpleJobLauncher.java:140)\r\n	at sun.reflect.NativeMethodAccessorImpl.invoke0(Native Method)\r\n	at sun.reflect.NativeMethodAccessorImpl.invoke(NativeMethodAccessorImpl.java:62)\r\n	at sun.reflect.DelegatingMethodAccessorImpl.invoke(DelegatingMethodAccessorImpl.java:43)\r\n	at java.lang.reflect.Method.invoke(Method.java:498)\r\n	at org.springframework.aop.support.AopUtils.invokeJoinpointUsingReflection(AopUtils.java:344)\r\n	at org.springframework.aop.framework.ReflectiveMethodInvocation.invokeJoinpoint(ReflectiveMethodInvocation.java:198)\r\n	at org.springframework.aop.framework.ReflectiveMethodInvocation.proceed(ReflectiveMethodInvocation.java:163)\r\n	at org.springframework.batch.core.configuration.annotation.SimpleBatchConfiguration$PassthruAdvice.invoke(SimpleBatchConfiguration.java:127)\r\n	at org.springframework.aop.framework.ReflectiveMethodInvocation.proceed(ReflectiveMethodInvocation.java:186)\r\n	at org.springframework.aop.framework.JdkDynamicAopProxy.invoke(JdkDynamicAopProxy.java:212)\r\n	at com.sun.proxy.$Proxy94.run(Unknown Source)\r\n	at com.example.batchexample.controller.CsvToCsvController.load(CsvToCsvController.java:34)\r\n	at sun.reflect.NativeMethodAccessorImpl.invoke0(Native Method)\r\n	at sun.reflect.NativeMethodAccessorImpl.invoke(NativeMethodAccessorImpl.jav','2020-05-21 12:07:31',NULL),(22,2,22,'2020-05-21 12:08:52','2020-05-21 12:08:52','2020-05-21 12:08:52','COMPLETED','COMPLETED','','2020-05-21 12:08:52',NULL),(23,2,23,'2020-05-21 23:19:00','2020-05-21 23:19:00','2020-05-21 23:19:01','COMPLETED','COMPLETED','','2020-05-21 23:19:01',NULL),(24,2,24,'2020-05-21 23:20:00','2020-05-21 23:20:00','2020-05-21 23:20:00','COMPLETED','COMPLETED','','2020-05-21 23:20:00',NULL),(25,2,25,'2020-05-21 23:21:00','2020-05-21 23:21:00','2020-05-21 23:21:00','COMPLETED','COMPLETED','','2020-05-21 23:21:00',NULL),(26,2,26,'2020-05-21 23:22:00','2020-05-21 23:22:00','2020-05-21 23:22:00','COMPLETED','COMPLETED','','2020-05-21 23:22:00',NULL),(27,2,27,'2020-05-21 23:23:00','2020-05-21 23:23:00','2020-05-21 23:23:00','COMPLETED','COMPLETED','','2020-05-21 23:23:00',NULL),(28,2,28,'2020-05-21 23:24:00','2020-05-21 23:24:00','2020-05-21 23:24:01','COMPLETED','COMPLETED','','2020-05-21 23:24:01',NULL),(29,2,29,'2020-05-21 23:25:00','2020-05-21 23:25:00','2020-05-21 23:25:00','COMPLETED','COMPLETED','','2020-05-21 23:25:00',NULL),(30,2,30,'2020-05-21 23:46:00','2020-05-21 23:46:00','2020-05-21 23:46:00','COMPLETED','COMPLETED','','2020-05-21 23:46:00',NULL),(31,2,31,'2020-05-21 23:47:00','2020-05-21 23:47:00','2020-05-21 23:47:00','COMPLETED','COMPLETED','','2020-05-21 23:47:00',NULL),(32,2,32,'2020-05-26 00:43:00','2020-05-26 00:43:00','2020-05-26 00:43:00','FAILED','FAILED','java.lang.NullPointerException\r\n	at com.example.batchexample.taskletCsvToCsv.FileUtils.readLine(FileUtils.java:28)\r\n	at com.example.batchexample.taskletCsvToCsv.UserReader.execute(UserReader.java:38)\r\n	at org.springframework.batch.core.step.tasklet.TaskletStep$ChunkTransactionCallback.doInTransaction(TaskletStep.java:407)\r\n	at org.springframework.batch.core.step.tasklet.TaskletStep$ChunkTransactionCallback.doInTransaction(TaskletStep.java:331)\r\n	at org.springframework.transaction.support.TransactionTemplate.execute(TransactionTemplate.java:140)\r\n	at org.springframework.batch.core.step.tasklet.TaskletStep$2.doInChunkContext(TaskletStep.java:273)\r\n	at org.springframework.batch.core.scope.context.StepContextRepeatCallback.doInIteration(StepContextRepeatCallback.java:82)\r\n	at org.springframework.batch.repeat.support.RepeatTemplate.getNextResult(RepeatTemplate.java:375)\r\n	at org.springframework.batch.repeat.support.RepeatTemplate.executeInternal(RepeatTemplate.java:215)\r\n	at org.springframework.batch.repeat.support.RepeatTemplate.iterate(RepeatTemplate.java:145)\r\n	at org.springframework.batch.core.step.tasklet.TaskletStep.doExecute(TaskletStep.java:258)\r\n	at org.springframework.batch.core.step.AbstractStep.execute(AbstractStep.java:208)\r\n	at org.springframework.batch.core.job.SimpleStepHandler.handleStep(SimpleStepHandler.java:148)\r\n	at org.springframework.batch.core.job.AbstractJob.handleStep(AbstractJob.java:410)\r\n	at org.springframework.batch.core.job.SimpleJob.doExecute(SimpleJob.java:136)\r\n	at org.springframework.batch.core.job.AbstractJob.execute(AbstractJob.java:319)\r\n	at org.springframework.batch.core.launch.support.SimpleJobLauncher$1.run(SimpleJobLauncher.java:147)\r\n	at org.springframework.core.task.SyncTaskExecutor.execute(SyncTaskExecutor.java:50)\r\n	at org.springframework.batch.core.launch.support.SimpleJobLauncher.run(SimpleJobLauncher.java:140)\r\n	at sun.reflect.NativeMethodAccessorImpl.invoke0(Native Method)\r\n	at sun.reflect.NativeMethodAccessorImpl.invoke(NativeMethodAccessorImpl.java:62)\r\n	at sun.reflect.DelegatingMethodAccessorImpl.invoke(DelegatingMethodAccessorImpl.java:43)\r\n	at java.lang.reflect.Method.invoke(Method.java:498)\r\n	at org.springframework.aop.support.AopUtils.invokeJoinpointUsingReflection(AopUtils.java:344)\r\n	at org.springframework.aop.framework.ReflectiveMethodInvocation.invokeJoinpoint(ReflectiveMethodInvocation.java:198)\r\n	at org.springframework.aop.framework.ReflectiveMethodInvocation.proceed(ReflectiveMethodInvocation.java:','2020-05-26 00:43:00',NULL),(33,2,33,'2020-05-26 00:52:00','2020-05-26 00:52:00','2020-05-26 00:52:00','FAILED','FAILED','java.lang.NullPointerException\r\n	at com.example.batchexample.taskletCsvToCsv.FileUtils.initReader(FileUtils.java:63)\r\n	at com.example.batchexample.taskletCsvToCsv.FileUtils.readLine(FileUtils.java:27)\r\n	at com.example.batchexample.taskletCsvToCsv.UserReader.execute(UserReader.java:38)\r\n	at org.springframework.batch.core.step.tasklet.TaskletStep$ChunkTransactionCallback.doInTransaction(TaskletStep.java:407)\r\n	at org.springframework.batch.core.step.tasklet.TaskletStep$ChunkTransactionCallback.doInTransaction(TaskletStep.java:331)\r\n	at org.springframework.transaction.support.TransactionTemplate.execute(TransactionTemplate.java:140)\r\n	at org.springframework.batch.core.step.tasklet.TaskletStep$2.doInChunkContext(TaskletStep.java:273)\r\n	at org.springframework.batch.core.scope.context.StepContextRepeatCallback.doInIteration(StepContextRepeatCallback.java:82)\r\n	at org.springframework.batch.repeat.support.RepeatTemplate.getNextResult(RepeatTemplate.java:375)\r\n	at org.springframework.batch.repeat.support.RepeatTemplate.executeInternal(RepeatTemplate.java:215)\r\n	at org.springframework.batch.repeat.support.RepeatTemplate.iterate(RepeatTemplate.java:145)\r\n	at org.springframework.batch.core.step.tasklet.TaskletStep.doExecute(TaskletStep.java:258)\r\n	at org.springframework.batch.core.step.AbstractStep.execute(AbstractStep.java:208)\r\n	at org.springframework.batch.core.job.SimpleStepHandler.handleStep(SimpleStepHandler.java:148)\r\n	at org.springframework.batch.core.job.AbstractJob.handleStep(AbstractJob.java:410)\r\n	at org.springframework.batch.core.job.SimpleJob.doExecute(SimpleJob.java:136)\r\n	at org.springframework.batch.core.job.AbstractJob.execute(AbstractJob.java:319)\r\n	at org.springframework.batch.core.launch.support.SimpleJobLauncher$1.run(SimpleJobLauncher.java:147)\r\n	at org.springframework.core.task.SyncTaskExecutor.execute(SyncTaskExecutor.java:50)\r\n	at org.springframework.batch.core.launch.support.SimpleJobLauncher.run(SimpleJobLauncher.java:140)\r\n	at sun.reflect.NativeMethodAccessorImpl.invoke0(Native Method)\r\n	at sun.reflect.NativeMethodAccessorImpl.invoke(NativeMethodAccessorImpl.java:62)\r\n	at sun.reflect.DelegatingMethodAccessorImpl.invoke(DelegatingMethodAccessorImpl.java:43)\r\n	at java.lang.reflect.Method.invoke(Method.java:498)\r\n	at org.springframework.aop.support.AopUtils.invokeJoinpointUsingReflection(AopUtils.java:344)\r\n	at org.springframework.aop.framework.ReflectiveMethodInvocation.invokeJoinpoint(ReflectiveMethodInvocation.java:198)\r\n	at org.springframe','2020-05-26 00:52:00',NULL),(34,2,34,'2020-05-26 11:13:00','2020-05-26 11:13:00','2020-05-26 11:13:00','FAILED','FAILED','java.io.FileNotFoundException: C:\\Users\\Igor\\Documents\\praksa%20projekti%20endava\\batch-example\\target\\classes\\users.csv (The system cannot find the path specified)\r\n	at java.io.FileInputStream.open0(Native Method)\r\n	at java.io.FileInputStream.open(FileInputStream.java:195)\r\n	at java.io.FileInputStream.<init>(FileInputStream.java:138)\r\n	at java.io.FileReader.<init>(FileReader.java:72)\r\n	at com.example.batchexample.taskletCsvToCsv.FileUtils.initReader(FileUtils.java:64)\r\n	at com.example.batchexample.taskletCsvToCsv.FileUtils.readLine(FileUtils.java:27)\r\n	at com.example.batchexample.taskletCsvToCsv.UserReader.execute(UserReader.java:38)\r\n	at org.springframework.batch.core.step.tasklet.TaskletStep$ChunkTransactionCallback.doInTransaction(TaskletStep.java:407)\r\n	at org.springframework.batch.core.step.tasklet.TaskletStep$ChunkTransactionCallback.doInTransaction(TaskletStep.java:331)\r\n	at org.springframework.transaction.support.TransactionTemplate.execute(TransactionTemplate.java:140)\r\n	at org.springframework.batch.core.step.tasklet.TaskletStep$2.doInChunkContext(TaskletStep.java:273)\r\n	at org.springframework.batch.core.scope.context.StepContextRepeatCallback.doInIteration(StepContextRepeatCallback.java:82)\r\n	at org.springframework.batch.repeat.support.RepeatTemplate.getNextResult(RepeatTemplate.java:375)\r\n	at org.springframework.batch.repeat.support.RepeatTemplate.executeInternal(RepeatTemplate.java:215)\r\n	at org.springframework.batch.repeat.support.RepeatTemplate.iterate(RepeatTemplate.java:145)\r\n	at org.springframework.batch.core.step.tasklet.TaskletStep.doExecute(TaskletStep.java:258)\r\n	at org.springframework.batch.core.step.AbstractStep.execute(AbstractStep.java:208)\r\n	at org.springframework.batch.core.job.SimpleStepHandler.handleStep(SimpleStepHandler.java:148)\r\n	at org.springframework.batch.core.job.AbstractJob.handleStep(AbstractJob.java:410)\r\n	at org.springframework.batch.core.job.SimpleJob.doExecute(SimpleJob.java:136)\r\n	at org.springframework.batch.core.job.AbstractJob.execute(AbstractJob.java:319)\r\n	at org.springframework.batch.core.launch.support.SimpleJobLauncher$1.run(SimpleJobLauncher.java:147)\r\n	at org.springframework.core.task.SyncTaskExecutor.execute(SyncTaskExecutor.java:50)\r\n	at org.springframework.batch.core.launch.support.SimpleJobLauncher.run(SimpleJobLauncher.java:140)\r\n	at sun.reflect.NativeMethodAccessorImpl.invoke0(Native Method)\r\n	at sun.reflect.NativeMethodAccessorImpl.invoke(NativeMethodAccessorImpl.java:62)\r\n	at sun.reflect.Delega','2020-05-26 11:13:00',NULL),(35,2,35,'2020-05-26 16:58:00','2020-05-26 16:58:00','2020-05-26 16:58:00','FAILED','FAILED','java.lang.NullPointerException\r\n	at com.example.batchexample.taskletCsvToCsv.FileUtils.initReader(FileUtils.java:63)\r\n	at com.example.batchexample.taskletCsvToCsv.FileUtils.readLine(FileUtils.java:27)\r\n	at com.example.batchexample.taskletCsvToCsv.UserReader.execute(UserReader.java:38)\r\n	at org.springframework.batch.core.step.tasklet.TaskletStep$ChunkTransactionCallback.doInTransaction(TaskletStep.java:407)\r\n	at org.springframework.batch.core.step.tasklet.TaskletStep$ChunkTransactionCallback.doInTransaction(TaskletStep.java:331)\r\n	at org.springframework.transaction.support.TransactionTemplate.execute(TransactionTemplate.java:140)\r\n	at org.springframework.batch.core.step.tasklet.TaskletStep$2.doInChunkContext(TaskletStep.java:273)\r\n	at org.springframework.batch.core.scope.context.StepContextRepeatCallback.doInIteration(StepContextRepeatCallback.java:82)\r\n	at org.springframework.batch.repeat.support.RepeatTemplate.getNextResult(RepeatTemplate.java:375)\r\n	at org.springframework.batch.repeat.support.RepeatTemplate.executeInternal(RepeatTemplate.java:215)\r\n	at org.springframework.batch.repeat.support.RepeatTemplate.iterate(RepeatTemplate.java:145)\r\n	at org.springframework.batch.core.step.tasklet.TaskletStep.doExecute(TaskletStep.java:258)\r\n	at org.springframework.batch.core.step.AbstractStep.execute(AbstractStep.java:208)\r\n	at org.springframework.batch.core.job.SimpleStepHandler.handleStep(SimpleStepHandler.java:148)\r\n	at org.springframework.batch.core.job.AbstractJob.handleStep(AbstractJob.java:410)\r\n	at org.springframework.batch.core.job.SimpleJob.doExecute(SimpleJob.java:136)\r\n	at org.springframework.batch.core.job.AbstractJob.execute(AbstractJob.java:319)\r\n	at org.springframework.batch.core.launch.support.SimpleJobLauncher$1.run(SimpleJobLauncher.java:147)\r\n	at org.springframework.core.task.SyncTaskExecutor.execute(SyncTaskExecutor.java:50)\r\n	at org.springframework.batch.core.launch.support.SimpleJobLauncher.run(SimpleJobLauncher.java:140)\r\n	at sun.reflect.NativeMethodAccessorImpl.invoke0(Native Method)\r\n	at sun.reflect.NativeMethodAccessorImpl.invoke(NativeMethodAccessorImpl.java:62)\r\n	at sun.reflect.DelegatingMethodAccessorImpl.invoke(DelegatingMethodAccessorImpl.java:43)\r\n	at java.lang.reflect.Method.invoke(Method.java:498)\r\n	at org.springframework.aop.support.AopUtils.invokeJoinpointUsingReflection(AopUtils.java:344)\r\n	at org.springframework.aop.framework.ReflectiveMethodInvocation.invokeJoinpoint(ReflectiveMethodInvocation.java:198)\r\n	at org.springframe','2020-05-26 16:58:00',NULL),(36,2,36,'2020-05-26 19:28:00','2020-05-26 19:28:00','2020-05-26 19:28:00','FAILED','FAILED','java.io.FileNotFoundException: C:\\Users\\Igor\\Documents\\praksa%20projekti%20endava\\batch-example\\target\\classes\\users.csv (The system cannot find the path specified)\r\n	at java.io.FileInputStream.open0(Native Method)\r\n	at java.io.FileInputStream.open(FileInputStream.java:195)\r\n	at java.io.FileInputStream.<init>(FileInputStream.java:138)\r\n	at java.io.FileReader.<init>(FileReader.java:72)\r\n	at com.example.batchexample.taskletCsvToCsv.FileUtils.initReader(FileUtils.java:64)\r\n	at com.example.batchexample.taskletCsvToCsv.FileUtils.readLine(FileUtils.java:27)\r\n	at com.example.batchexample.taskletCsvToCsv.UserReader.execute(UserReader.java:38)\r\n	at org.springframework.batch.core.step.tasklet.TaskletStep$ChunkTransactionCallback.doInTransaction(TaskletStep.java:407)\r\n	at org.springframework.batch.core.step.tasklet.TaskletStep$ChunkTransactionCallback.doInTransaction(TaskletStep.java:331)\r\n	at org.springframework.transaction.support.TransactionTemplate.execute(TransactionTemplate.java:140)\r\n	at org.springframework.batch.core.step.tasklet.TaskletStep$2.doInChunkContext(TaskletStep.java:273)\r\n	at org.springframework.batch.core.scope.context.StepContextRepeatCallback.doInIteration(StepContextRepeatCallback.java:82)\r\n	at org.springframework.batch.repeat.support.RepeatTemplate.getNextResult(RepeatTemplate.java:375)\r\n	at org.springframework.batch.repeat.support.RepeatTemplate.executeInternal(RepeatTemplate.java:215)\r\n	at org.springframework.batch.repeat.support.RepeatTemplate.iterate(RepeatTemplate.java:145)\r\n	at org.springframework.batch.core.step.tasklet.TaskletStep.doExecute(TaskletStep.java:258)\r\n	at org.springframework.batch.core.step.AbstractStep.execute(AbstractStep.java:208)\r\n	at org.springframework.batch.core.job.SimpleStepHandler.handleStep(SimpleStepHandler.java:148)\r\n	at org.springframework.batch.core.job.AbstractJob.handleStep(AbstractJob.java:410)\r\n	at org.springframework.batch.core.job.SimpleJob.doExecute(SimpleJob.java:136)\r\n	at org.springframework.batch.core.job.AbstractJob.execute(AbstractJob.java:319)\r\n	at org.springframework.batch.core.launch.support.SimpleJobLauncher$1.run(SimpleJobLauncher.java:147)\r\n	at org.springframework.core.task.SyncTaskExecutor.execute(SyncTaskExecutor.java:50)\r\n	at org.springframework.batch.core.launch.support.SimpleJobLauncher.run(SimpleJobLauncher.java:140)\r\n	at sun.reflect.NativeMethodAccessorImpl.invoke0(Native Method)\r\n	at sun.reflect.NativeMethodAccessorImpl.invoke(NativeMethodAccessorImpl.java:62)\r\n	at sun.reflect.Delega','2020-05-26 19:28:00',NULL),(37,2,37,'2020-05-26 19:31:00','2020-05-26 19:31:00','2020-05-26 19:31:01','FAILED','FAILED','java.lang.NullPointerException\r\n	at com.example.batchexample.taskletCsvToCsv.FileUtils.initReader(FileUtils.java:63)\r\n	at com.example.batchexample.taskletCsvToCsv.FileUtils.readLine(FileUtils.java:27)\r\n	at com.example.batchexample.taskletCsvToCsv.UserReader.execute(UserReader.java:38)\r\n	at org.springframework.batch.core.step.tasklet.TaskletStep$ChunkTransactionCallback.doInTransaction(TaskletStep.java:407)\r\n	at org.springframework.batch.core.step.tasklet.TaskletStep$ChunkTransactionCallback.doInTransaction(TaskletStep.java:331)\r\n	at org.springframework.transaction.support.TransactionTemplate.execute(TransactionTemplate.java:140)\r\n	at org.springframework.batch.core.step.tasklet.TaskletStep$2.doInChunkContext(TaskletStep.java:273)\r\n	at org.springframework.batch.core.scope.context.StepContextRepeatCallback.doInIteration(StepContextRepeatCallback.java:82)\r\n	at org.springframework.batch.repeat.support.RepeatTemplate.getNextResult(RepeatTemplate.java:375)\r\n	at org.springframework.batch.repeat.support.RepeatTemplate.executeInternal(RepeatTemplate.java:215)\r\n	at org.springframework.batch.repeat.support.RepeatTemplate.iterate(RepeatTemplate.java:145)\r\n	at org.springframework.batch.core.step.tasklet.TaskletStep.doExecute(TaskletStep.java:258)\r\n	at org.springframework.batch.core.step.AbstractStep.execute(AbstractStep.java:208)\r\n	at org.springframework.batch.core.job.SimpleStepHandler.handleStep(SimpleStepHandler.java:148)\r\n	at org.springframework.batch.core.job.AbstractJob.handleStep(AbstractJob.java:410)\r\n	at org.springframework.batch.core.job.SimpleJob.doExecute(SimpleJob.java:136)\r\n	at org.springframework.batch.core.job.AbstractJob.execute(AbstractJob.java:319)\r\n	at org.springframework.batch.core.launch.support.SimpleJobLauncher$1.run(SimpleJobLauncher.java:147)\r\n	at org.springframework.core.task.SyncTaskExecutor.execute(SyncTaskExecutor.java:50)\r\n	at org.springframework.batch.core.launch.support.SimpleJobLauncher.run(SimpleJobLauncher.java:140)\r\n	at sun.reflect.NativeMethodAccessorImpl.invoke0(Native Method)\r\n	at sun.reflect.NativeMethodAccessorImpl.invoke(NativeMethodAccessorImpl.java:62)\r\n	at sun.reflect.DelegatingMethodAccessorImpl.invoke(DelegatingMethodAccessorImpl.java:43)\r\n	at java.lang.reflect.Method.invoke(Method.java:498)\r\n	at org.springframework.aop.support.AopUtils.invokeJoinpointUsingReflection(AopUtils.java:344)\r\n	at org.springframework.aop.framework.ReflectiveMethodInvocation.invokeJoinpoint(ReflectiveMethodInvocation.java:198)\r\n	at org.springframe','2020-05-26 19:31:01',NULL),(38,2,38,'2020-05-26 19:38:00','2020-05-26 19:38:00','2020-05-26 19:38:00','FAILED','FAILED','java.io.FileNotFoundException: C:\\Users\\Igor\\Documents\\praksa%20projekti%20endava\\batch-example\\target\\classes\\users.csv (The system cannot find the path specified)\r\n	at java.io.FileInputStream.open0(Native Method)\r\n	at java.io.FileInputStream.open(FileInputStream.java:195)\r\n	at java.io.FileInputStream.<init>(FileInputStream.java:138)\r\n	at java.io.FileReader.<init>(FileReader.java:72)\r\n	at com.example.batchexample.taskletCsvToCsv.FileUtils.initReader(FileUtils.java:69)\r\n	at com.example.batchexample.taskletCsvToCsv.FileUtils.readLine(FileUtils.java:27)\r\n	at com.example.batchexample.taskletCsvToCsv.UserReader.execute(UserReader.java:38)\r\n	at org.springframework.batch.core.step.tasklet.TaskletStep$ChunkTransactionCallback.doInTransaction(TaskletStep.java:407)\r\n	at org.springframework.batch.core.step.tasklet.TaskletStep$ChunkTransactionCallback.doInTransaction(TaskletStep.java:331)\r\n	at org.springframework.transaction.support.TransactionTemplate.execute(TransactionTemplate.java:140)\r\n	at org.springframework.batch.core.step.tasklet.TaskletStep$2.doInChunkContext(TaskletStep.java:273)\r\n	at org.springframework.batch.core.scope.context.StepContextRepeatCallback.doInIteration(StepContextRepeatCallback.java:82)\r\n	at org.springframework.batch.repeat.support.RepeatTemplate.getNextResult(RepeatTemplate.java:375)\r\n	at org.springframework.batch.repeat.support.RepeatTemplate.executeInternal(RepeatTemplate.java:215)\r\n	at org.springframework.batch.repeat.support.RepeatTemplate.iterate(RepeatTemplate.java:145)\r\n	at org.springframework.batch.core.step.tasklet.TaskletStep.doExecute(TaskletStep.java:258)\r\n	at org.springframework.batch.core.step.AbstractStep.execute(AbstractStep.java:208)\r\n	at org.springframework.batch.core.job.SimpleStepHandler.handleStep(SimpleStepHandler.java:148)\r\n	at org.springframework.batch.core.job.AbstractJob.handleStep(AbstractJob.java:410)\r\n	at org.springframework.batch.core.job.SimpleJob.doExecute(SimpleJob.java:136)\r\n	at org.springframework.batch.core.job.AbstractJob.execute(AbstractJob.java:319)\r\n	at org.springframework.batch.core.launch.support.SimpleJobLauncher$1.run(SimpleJobLauncher.java:147)\r\n	at org.springframework.core.task.SyncTaskExecutor.execute(SyncTaskExecutor.java:50)\r\n	at org.springframework.batch.core.launch.support.SimpleJobLauncher.run(SimpleJobLauncher.java:140)\r\n	at sun.reflect.NativeMethodAccessorImpl.invoke0(Native Method)\r\n	at sun.reflect.NativeMethodAccessorImpl.invoke(NativeMethodAccessorImpl.java:62)\r\n	at sun.reflect.Delega','2020-05-26 19:38:00',NULL),(39,2,39,'2020-05-26 19:42:00','2020-05-26 19:42:00','2020-05-26 19:42:00','FAILED','FAILED','java.io.FileNotFoundException: class path resource [sample.txt] cannot be resolved to absolute file path because it does not exist\r\n	at org.springframework.util.ResourceUtils.getFile(ResourceUtils.java:177)\r\n	at com.example.batchexample.taskletCsvToCsv.FileUtils.initReader(FileUtils.java:65)\r\n	at com.example.batchexample.taskletCsvToCsv.FileUtils.readLine(FileUtils.java:28)\r\n	at com.example.batchexample.taskletCsvToCsv.UserReader.execute(UserReader.java:38)\r\n	at org.springframework.batch.core.step.tasklet.TaskletStep$ChunkTransactionCallback.doInTransaction(TaskletStep.java:407)\r\n	at org.springframework.batch.core.step.tasklet.TaskletStep$ChunkTransactionCallback.doInTransaction(TaskletStep.java:331)\r\n	at org.springframework.transaction.support.TransactionTemplate.execute(TransactionTemplate.java:140)\r\n	at org.springframework.batch.core.step.tasklet.TaskletStep$2.doInChunkContext(TaskletStep.java:273)\r\n	at org.springframework.batch.core.scope.context.StepContextRepeatCallback.doInIteration(StepContextRepeatCallback.java:82)\r\n	at org.springframework.batch.repeat.support.RepeatTemplate.getNextResult(RepeatTemplate.java:375)\r\n	at org.springframework.batch.repeat.support.RepeatTemplate.executeInternal(RepeatTemplate.java:215)\r\n	at org.springframework.batch.repeat.support.RepeatTemplate.iterate(RepeatTemplate.java:145)\r\n	at org.springframework.batch.core.step.tasklet.TaskletStep.doExecute(TaskletStep.java:258)\r\n	at org.springframework.batch.core.step.AbstractStep.execute(AbstractStep.java:208)\r\n	at org.springframework.batch.core.job.SimpleStepHandler.handleStep(SimpleStepHandler.java:148)\r\n	at org.springframework.batch.core.job.AbstractJob.handleStep(AbstractJob.java:410)\r\n	at org.springframework.batch.core.job.SimpleJob.doExecute(SimpleJob.java:136)\r\n	at org.springframework.batch.core.job.AbstractJob.execute(AbstractJob.java:319)\r\n	at org.springframework.batch.core.launch.support.SimpleJobLauncher$1.run(SimpleJobLauncher.java:147)\r\n	at org.springframework.core.task.SyncTaskExecutor.execute(SyncTaskExecutor.java:50)\r\n	at org.springframework.batch.core.launch.support.SimpleJobLauncher.run(SimpleJobLauncher.java:140)\r\n	at sun.reflect.NativeMethodAccessorImpl.invoke0(Native Method)\r\n	at sun.reflect.NativeMethodAccessorImpl.invoke(NativeMethodAccessorImpl.java:62)\r\n	at sun.reflect.DelegatingMethodAccessorImpl.invoke(DelegatingMethodAccessorImpl.java:43)\r\n	at java.lang.reflect.Method.invoke(Method.java:498)\r\n	at org.springframework.aop.support.AopUtils.invokeJoinpoi','2020-05-26 19:42:00',NULL),(40,2,40,'2020-05-26 19:43:00','2020-05-26 19:43:00','2020-05-26 19:43:01','COMPLETED','COMPLETED','','2020-05-26 19:43:01',NULL),(41,2,41,'2020-05-26 19:47:00','2020-05-26 19:47:00','2020-05-26 19:47:01','FAILED','FAILED','java.io.IOException: The system cannot find the path specified\r\n	at java.io.WinNTFileSystem.createFileExclusively(Native Method)\r\n	at java.io.File.createNewFile(File.java:1012)\r\n	at com.example.batchexample.taskletCsvToCsv.FileUtils.initWriter(FileUtils.java:77)\r\n	at com.example.batchexample.taskletCsvToCsv.FileUtils.writeLine(FileUtils.java:44)\r\n	at com.example.batchexample.taskletCsvToCsv.UserWriter.execute(UserWriter.java:40)\r\n	at org.springframework.batch.core.step.tasklet.TaskletStep$ChunkTransactionCallback.doInTransaction(TaskletStep.java:407)\r\n	at org.springframework.batch.core.step.tasklet.TaskletStep$ChunkTransactionCallback.doInTransaction(TaskletStep.java:331)\r\n	at org.springframework.transaction.support.TransactionTemplate.execute(TransactionTemplate.java:140)\r\n	at org.springframework.batch.core.step.tasklet.TaskletStep$2.doInChunkContext(TaskletStep.java:273)\r\n	at org.springframework.batch.core.scope.context.StepContextRepeatCallback.doInIteration(StepContextRepeatCallback.java:82)\r\n	at org.springframework.batch.repeat.support.RepeatTemplate.getNextResult(RepeatTemplate.java:375)\r\n	at org.springframework.batch.repeat.support.RepeatTemplate.executeInternal(RepeatTemplate.java:215)\r\n	at org.springframework.batch.repeat.support.RepeatTemplate.iterate(RepeatTemplate.java:145)\r\n	at org.springframework.batch.core.step.tasklet.TaskletStep.doExecute(TaskletStep.java:258)\r\n	at org.springframework.batch.core.step.AbstractStep.execute(AbstractStep.java:208)\r\n	at org.springframework.batch.core.job.SimpleStepHandler.handleStep(SimpleStepHandler.java:148)\r\n	at org.springframework.batch.core.job.AbstractJob.handleStep(AbstractJob.java:410)\r\n	at org.springframework.batch.core.job.SimpleJob.doExecute(SimpleJob.java:136)\r\n	at org.springframework.batch.core.job.AbstractJob.execute(AbstractJob.java:319)\r\n	at org.springframework.batch.core.launch.support.SimpleJobLauncher$1.run(SimpleJobLauncher.java:147)\r\n	at org.springframework.core.task.SyncTaskExecutor.execute(SyncTaskExecutor.java:50)\r\n	at org.springframework.batch.core.launch.support.SimpleJobLauncher.run(SimpleJobLauncher.java:140)\r\n	at sun.reflect.NativeMethodAccessorImpl.invoke0(Native Method)\r\n	at sun.reflect.NativeMethodAccessorImpl.invoke(NativeMethodAccessorImpl.java:62)\r\n	at sun.reflect.DelegatingMethodAccessorImpl.invoke(DelegatingMethodAccessorImpl.java:43)\r\n	at java.lang.reflect.Method.invoke(Method.java:498)\r\n	at org.springframework.aop.support.AopUtils.invokeJoinpointUsingReflection(AopUtils.ja','2020-05-26 19:47:01',NULL),(42,2,42,'2020-05-26 19:49:00','2020-05-26 19:49:00','2020-05-26 19:49:01','COMPLETED','COMPLETED','','2020-05-26 19:49:01',NULL),(43,2,43,'2020-05-27 12:37:24','2020-05-27 12:37:24','2020-05-27 12:37:25','COMPLETED','COMPLETED','','2020-05-27 12:37:25',NULL),(44,2,44,'2020-05-27 12:37:25','2020-05-27 12:37:25','2020-05-27 12:37:25','COMPLETED','COMPLETED','','2020-05-27 12:37:25',NULL),(45,2,45,'2020-05-29 20:56:55','2020-05-29 20:56:55','2020-05-29 20:56:55','COMPLETED','COMPLETED','','2020-05-29 20:56:55',NULL),(46,2,46,'2020-05-29 20:56:55','2020-05-29 20:56:55','2020-05-29 20:56:55','COMPLETED','COMPLETED','','2020-05-29 20:56:55',NULL),(47,2,47,'2020-05-29 20:56:55','2020-05-29 20:56:55','2020-05-29 20:56:56','COMPLETED','COMPLETED','','2020-05-29 20:56:56',NULL),(48,2,48,'2020-05-30 21:23:13','2020-05-30 21:23:13','2020-05-30 21:23:13','COMPLETED','COMPLETED','','2020-05-30 21:23:13',NULL),(49,2,49,'2020-05-30 21:23:13','2020-05-30 21:23:13','2020-05-30 21:23:13','COMPLETED','COMPLETED','','2020-05-30 21:23:13',NULL),(50,2,50,'2020-05-30 21:23:13','2020-05-30 21:23:13','2020-05-30 21:23:13','COMPLETED','COMPLETED','','2020-05-30 21:23:13',NULL),(51,2,51,'2020-05-31 16:51:29','2020-05-31 16:51:29','2020-05-31 16:51:29','COMPLETED','COMPLETED','','2020-05-31 16:51:29',NULL),(52,2,52,'2020-05-31 16:51:29','2020-05-31 16:51:29','2020-05-31 16:51:29','COMPLETED','COMPLETED','','2020-05-31 16:51:29',NULL),(53,2,53,'2020-05-31 19:57:23','2020-05-31 19:57:23','2020-05-31 19:57:23','COMPLETED','COMPLETED','','2020-05-31 19:57:23',NULL);
/*!40000 ALTER TABLE `batch_job_execution` ENABLE KEYS */;
UNLOCK TABLES;

--
-- Table structure for table `batch_job_execution_context`
--

DROP TABLE IF EXISTS `batch_job_execution_context`;
/*!40101 SET @saved_cs_client     = @@character_set_client */;
/*!50503 SET character_set_client = utf8mb4 */;
CREATE TABLE `batch_job_execution_context` (
  `JOB_EXECUTION_ID` bigint NOT NULL,
  `SHORT_CONTEXT` varchar(2500) NOT NULL,
  `SERIALIZED_CONTEXT` text,
  PRIMARY KEY (`JOB_EXECUTION_ID`),
  CONSTRAINT `JOB_EXEC_CTX_FK` FOREIGN KEY (`JOB_EXECUTION_ID`) REFERENCES `batch_job_execution` (`JOB_EXECUTION_ID`)
) ENGINE=InnoDB DEFAULT CHARSET=utf8mb4 COLLATE=utf8mb4_0900_ai_ci;
/*!40101 SET character_set_client = @saved_cs_client */;

--
-- Dumping data for table `batch_job_execution_context`
--

LOCK TABLES `batch_job_execution_context` WRITE;
/*!40000 ALTER TABLE `batch_job_execution_context` DISABLE KEYS */;
INSERT INTO `batch_job_execution_context` VALUES (1,'{}',NULL),(2,'{}',NULL),(3,'{}',NULL),(4,'{}',NULL),(5,'{}',NULL),(6,'{}',NULL),(7,'{}',NULL),(8,'{}',NULL),(9,'{}',NULL),(10,'{}',NULL),(11,'{}',NULL),(12,'{}',NULL),(13,'{}',NULL),(14,'{}',NULL),(15,'{}',NULL),(16,'{}',NULL),(17,'{}',NULL),(18,'{}',NULL),(19,'{}',NULL),(20,'{}',NULL),(21,'{}',NULL),(22,'{}',NULL),(23,'{}',NULL),(24,'{}',NULL),(25,'{}',NULL),(26,'{}',NULL),(27,'{}',NULL),(28,'{}',NULL),(29,'{}',NULL),(30,'{}',NULL),(31,'{}',NULL),(32,'{\"users\":[\"java.util.ArrayList\",[]]}',NULL),(33,'{\"users\":[\"java.util.ArrayList\",[]]}',NULL),(34,'{\"users\":[\"java.util.ArrayList\",[]]}',NULL),(35,'{\"users\":[\"java.util.ArrayList\",[]]}',NULL),(36,'{\"users\":[\"java.util.ArrayList\",[]]}',NULL),(37,'{\"users\":[\"java.util.ArrayList\",[]]}',NULL),(38,'{\"users\":[\"java.util.ArrayList\",[]]}',NULL),(39,'{\"users\":[\"java.util.ArrayList\",[]]}',NULL),(40,'{\"users\":[\"java.util.ArrayList\",[[\"com.example.batchexample.model.User\",{\"id\":0,\"name\":\"name\",\"email\":\"email\",\"salary\":0}],[\"com.example.batchexample.model.User\",{\"id\":0,\"name\":\"Steve\",\"email\":\"steve@gmailcom\",\"salary\":0}],[\"com.example.batchexample.model.User\",{\"id\":0,\"name\":\"Peter\",\"email\":\"peter@gmailcom\",\"salary\":0}],[\"com.example.batchexample.model.User\",{\"id\":0,\"name\":\"John\",\"email\":\"john@gmailcom\",\"salary\":0}]]]}',NULL),(41,'{\"users\":[\"java.util.ArrayList\",[[\"com.example.batchexample.model.User\",{\"id\":0,\"name\":\"name\",\"email\":\"email\",\"salary\":0}],[\"com.example.batchexample.model.User\",{\"id\":0,\"name\":\"Steve\",\"email\":\"steve@gmailcom\",\"salary\":0}],[\"com.example.batchexample.model.User\",{\"id\":0,\"name\":\"Peter\",\"email\":\"peter@gmailcom\",\"salary\":0}],[\"com.example.batchexample.model.User\",{\"id\":0,\"name\":\"John\",\"email\":\"john@gmailcom\",\"salary\":0}]]]}',NULL),(42,'{\"users\":[\"java.util.ArrayList\",[[\"com.example.batchexample.model.User\",{\"id\":0,\"name\":\"name\",\"email\":\"email\",\"salary\":0}],[\"com.example.batchexample.model.User\",{\"id\":0,\"name\":\"Steve\",\"email\":\"steve@gmailcom\",\"salary\":0}],[\"com.example.batchexample.model.User\",{\"id\":0,\"name\":\"Peter\",\"email\":\"peter@gmailcom\",\"salary\":0}],[\"com.example.batchexample.model.User\",{\"id\":0,\"name\":\"John\",\"email\":\"john@gmailcom\",\"salary\":0}]]]}',NULL),(43,'{}',NULL),(44,'{}',NULL),(45,'{\"users\":[\"java.util.ArrayList\",[[\"com.example.batchexample.model.User\",{\"id\":0,\"name\":\"name\",\"email\":\"email\",\"salary\":0}],[\"com.example.batchexample.model.User\",{\"id\":0,\"name\":\"Steve\",\"email\":\"steve@gmailcom\",\"salary\":0}],[\"com.example.batchexample.model.User\",{\"id\":0,\"name\":\"Peter\",\"email\":\"peter@gmailcom\",\"salary\":0}],[\"com.example.batchexample.model.User\",{\"id\":0,\"name\":\"John\",\"email\":\"john@gmailcom\",\"salary\":0}]]]}',NULL),(46,'{}',NULL),(47,'{}',NULL),(48,'{}',NULL),(49,'{}',NULL),(50,'{\"users\":[\"java.util.ArrayList\",[[\"com.example.batchexample.model.User\",{\"id\":0,\"name\":\"name\",\"email\":\"email\",\"salary\":0}],[\"com.example.batchexample.model.User\",{\"id\":0,\"name\":\"Steve\",\"email\":\"steve@gmailcom\",\"salary\":0}],[\"com.example.batchexample.model.User\",{\"id\":0,\"name\":\"Peter\",\"email\":\"peter@gmailcom\",\"salary\":0}],[\"com.example.batchexample.model.User\",{\"id\":0,\"name\":\"John\",\"email\":\"john@gmailcom\",\"salary\":0}]]]}',NULL),(51,'{}',NULL),(52,'{}',NULL),(53,'{}',NULL);
/*!40000 ALTER TABLE `batch_job_execution_context` ENABLE KEYS */;
UNLOCK TABLES;

--
-- Table structure for table `batch_job_execution_params`
--

DROP TABLE IF EXISTS `batch_job_execution_params`;
/*!40101 SET @saved_cs_client     = @@character_set_client */;
/*!50503 SET character_set_client = utf8mb4 */;
CREATE TABLE `batch_job_execution_params` (
  `JOB_EXECUTION_ID` bigint NOT NULL,
  `TYPE_CD` varchar(6) NOT NULL,
  `KEY_NAME` varchar(100) NOT NULL,
  `STRING_VAL` varchar(250) DEFAULT NULL,
  `DATE_VAL` datetime DEFAULT NULL,
  `LONG_VAL` bigint DEFAULT NULL,
  `DOUBLE_VAL` double DEFAULT NULL,
  `IDENTIFYING` char(1) NOT NULL,
  KEY `JOB_EXEC_PARAMS_FK` (`JOB_EXECUTION_ID`),
  CONSTRAINT `JOB_EXEC_PARAMS_FK` FOREIGN KEY (`JOB_EXECUTION_ID`) REFERENCES `batch_job_execution` (`JOB_EXECUTION_ID`)
) ENGINE=InnoDB DEFAULT CHARSET=utf8mb4 COLLATE=utf8mb4_0900_ai_ci;
/*!40101 SET character_set_client = @saved_cs_client */;

--
-- Dumping data for table `batch_job_execution_params`
--

LOCK TABLES `batch_job_execution_params` WRITE;
/*!40000 ALTER TABLE `batch_job_execution_params` DISABLE KEYS */;
INSERT INTO `batch_job_execution_params` VALUES (1,'LONG','time','','1970-01-01 00:00:00',1589725560032,0,'Y'),(2,'LONG','time','','1970-01-01 00:00:00',1589726169760,0,'Y'),(3,'LONG','time','','1970-01-01 00:00:00',1589727705210,0,'Y'),(4,'LONG','time','','1970-01-01 00:00:00',1589727902853,0,'Y'),(5,'LONG','time','','1970-01-01 00:00:00',1589843995952,0,'Y'),(6,'LONG','time','','1970-01-01 00:00:00',1589844338312,0,'Y'),(7,'LONG','time','','1970-01-01 00:00:00',1589846586944,0,'Y'),(8,'LONG','time','','1970-01-01 00:00:00',1589846643294,0,'Y'),(9,'LONG','time','','1970-01-01 00:00:00',1589846997965,0,'Y'),(10,'LONG','time','','1970-01-01 00:00:00',1589929387181,0,'Y'),(11,'LONG','time','','1970-01-01 00:00:00',1589929764411,0,'Y'),(12,'LONG','time','','1970-01-01 00:00:00',1589930929941,0,'Y'),(13,'LONG','time','','1970-01-01 00:00:00',1589931796441,0,'Y'),(14,'LONG','time','','1970-01-01 00:00:00',1589931841396,0,'Y'),(15,'LONG','time','','1970-01-01 00:00:00',1589931946149,0,'Y'),(16,'LONG','time','','1970-01-01 00:00:00',1589932040188,0,'Y'),(17,'LONG','time','','1970-01-01 00:00:00',1589932211570,0,'Y'),(18,'LONG','time','','1970-01-01 00:00:00',1589932239797,0,'Y'),(19,'LONG','time','','1970-01-01 00:00:00',1589932240660,0,'Y'),(20,'LONG','time','','1970-01-01 00:00:00',1589932373845,0,'Y'),(21,'LONG','time','','1970-01-01 00:00:00',1590062851213,0,'Y'),(22,'LONG','time','','1970-01-01 00:00:00',1590062931809,0,'Y'),(23,'STRING','JobID','1590103140003','1970-01-01 00:00:00',0,0,'Y'),(24,'STRING','JobID','1590103200003','1970-01-01 00:00:00',0,0,'Y'),(25,'STRING','JobID','1590103260002','1970-01-01 00:00:00',0,0,'Y'),(26,'STRING','JobID','1590103320001','1970-01-01 00:00:00',0,0,'Y'),(27,'LONG','time','','1970-01-01 00:00:00',1590103380001,0,'Y'),(28,'LONG','time','','1970-01-01 00:00:00',1590103440001,0,'Y'),(29,'LONG','time','','1970-01-01 00:00:00',1590103500002,0,'Y'),(30,'LONG','time','','1970-01-01 00:00:00',1590104760003,0,'Y'),(31,'LONG','time','','1970-01-01 00:00:00',1590104820001,0,'Y'),(32,'LONG','time','','1970-01-01 00:00:00',1590453780003,0,'Y'),(33,'LONG','time','','1970-01-01 00:00:00',1590454320002,0,'Y'),(34,'LONG','time','','1970-01-01 00:00:00',1590491580004,0,'Y'),(35,'LONG','time','','1970-01-01 00:00:00',1590512280003,0,'Y'),(36,'LONG','time','','1970-01-01 00:00:00',1590521280004,0,'Y'),(37,'LONG','time','','1970-01-01 00:00:00',1590521460003,0,'Y'),(38,'LONG','time','','1970-01-01 00:00:00',1590521880004,0,'Y'),(39,'LONG','time','','1970-01-01 00:00:00',1590522120002,0,'Y'),(40,'LONG','time','','1970-01-01 00:00:00',1590522180004,0,'Y'),(41,'LONG','time','','1970-01-01 00:00:00',1590522420003,0,'Y'),(42,'LONG','time','','1970-01-01 00:00:00',1590522540004,0,'Y'),(43,'LONG','time','','1970-01-01 00:00:00',1590583044082,0,'Y'),(44,'LONG','time','','1970-01-01 00:00:00',1590583044591,0,'Y'),(45,'LONG','time','','1970-01-01 00:00:00',1590785814889,0,'Y'),(46,'LONG','time','','1970-01-01 00:00:00',1590785815176,0,'Y'),(47,'LONG','time','','1970-01-01 00:00:00',1590785815391,0,'Y'),(48,'LONG','time','','1970-01-01 00:00:00',1590873792748,0,'Y'),(49,'LONG','time','','1970-01-01 00:00:00',1590873792936,0,'Y'),(50,'LONG','time','','1970-01-01 00:00:00',1590873793060,0,'Y'),(51,'LONG','time','','1970-01-01 00:00:00',1590943888533,0,'Y'),(52,'LONG','time','','1970-01-01 00:00:00',1590943888757,0,'Y'),(53,'LONG','time','','1970-01-01 00:00:00',1590955042918,0,'Y');
/*!40000 ALTER TABLE `batch_job_execution_params` ENABLE KEYS */;
UNLOCK TABLES;

--
-- Table structure for table `batch_job_execution_seq`
--

DROP TABLE IF EXISTS `batch_job_execution_seq`;
/*!40101 SET @saved_cs_client     = @@character_set_client */;
/*!50503 SET character_set_client = utf8mb4 */;
CREATE TABLE `batch_job_execution_seq` (
  `ID` bigint NOT NULL,
  `UNIQUE_KEY` char(1) NOT NULL,
  UNIQUE KEY `UNIQUE_KEY_UN` (`UNIQUE_KEY`)
) ENGINE=InnoDB DEFAULT CHARSET=utf8mb4 COLLATE=utf8mb4_0900_ai_ci;
/*!40101 SET character_set_client = @saved_cs_client */;

--
-- Dumping data for table `batch_job_execution_seq`
--

LOCK TABLES `batch_job_execution_seq` WRITE;
/*!40000 ALTER TABLE `batch_job_execution_seq` DISABLE KEYS */;
INSERT INTO `batch_job_execution_seq` VALUES (53,'0');
/*!40000 ALTER TABLE `batch_job_execution_seq` ENABLE KEYS */;
UNLOCK TABLES;

--
-- Table structure for table `batch_job_instance`
--

DROP TABLE IF EXISTS `batch_job_instance`;
/*!40101 SET @saved_cs_client     = @@character_set_client */;
/*!50503 SET character_set_client = utf8mb4 */;
CREATE TABLE `batch_job_instance` (
  `JOB_INSTANCE_ID` bigint NOT NULL,
  `VERSION` bigint DEFAULT NULL,
  `JOB_NAME` varchar(100) NOT NULL,
  `JOB_KEY` varchar(32) NOT NULL,
  PRIMARY KEY (`JOB_INSTANCE_ID`),
  UNIQUE KEY `JOB_INST_UN` (`JOB_NAME`,`JOB_KEY`)
) ENGINE=InnoDB DEFAULT CHARSET=utf8mb4 COLLATE=utf8mb4_0900_ai_ci;
/*!40101 SET character_set_client = @saved_cs_client */;

--
-- Dumping data for table `batch_job_instance`
--

LOCK TABLES `batch_job_instance` WRITE;
/*!40000 ALTER TABLE `batch_job_instance` DISABLE KEYS */;
INSERT INTO `batch_job_instance` VALUES (1,0,'ETL-Load','dc647016934207547cf8690a3e4e3729'),(2,0,'ETL-Load','ea41532a52c48b8515cbd420b69faf10'),(3,0,'ETL-Load','9736ab4cd3d2ab7130ea77e33f38876d'),(4,0,'ETL-Load','51230ef70a72aee209c95974154f6d8e'),(5,0,'ETL-Load','778c1a9b0d052abf9ebd49a6ee572e1d'),(6,0,'ETL-Load','8da8df2defc283838d6283dff737145a'),(7,0,'ETL-Load','d43a82d050dd8334747c9bcf863aedb5'),(8,0,'ETL-Load','c9ad0b0531e860879e7edc2d70bac518'),(9,0,'ETL-Load','fa087f5aa1b52637a7ead36b19140314'),(10,0,'ETL-Load','b35df8e8a8907e4790fd85621eaf6f3c'),(11,0,'ETL-Load','acf805d17ed93786cf577adff756399e'),(12,0,'ETL-Load','ff8aac48a80cf12a936ba9f7a10246ec'),(13,0,'Csv-to-csv','49b5e7198004ddd3ad012516c6c97908'),(14,0,'Csv-to-csv','e1310e9dc81213f44e4782fa9260119d'),(15,0,'Csv-to-csv','0ba2070a592091a59aef674ab45dfb6b'),(16,0,'Csv-to-csv','4a5815ddcad0926d06cc08fe4fa4042e'),(17,0,'Csv-to-csv','2a2eed337111e1db087498ba2672b919'),(18,0,'Csv-to-csv','de51db09f232931184b5f8a1c5eddf66'),(19,0,'Csv-to-csv','6cff6c34349bebbbcf5c771c2befce58'),(20,0,'Csv-to-csv','df84b7c52290ee7199d2d0edd082df7a'),(21,0,'Csv-to-csv','6c2e13829059782a64e0dff4f315c351'),(22,0,'Csv-to-csv','e6c0d17a9453c1a14a42a1495a16f63b'),(23,0,'Csv-to-csv','2f477b04401d67af008e07043f53b628'),(24,0,'Csv-to-csv','899ccf55c0cc6f08e1f2412d5e680246'),(25,0,'Csv-to-csv','b97d3a1699e5748793de1d4f7f431edf'),(26,0,'Csv-to-csv','71cf5c3567c517ea7106a5ce2583e487'),(27,0,'Csv-to-csv','54fba80e257a2075cf08782d0d6fe860'),(28,0,'Csv-to-csv','3debfc97ed89f1ff2b219be3e3021ea5'),(29,0,'Csv-to-csv','133fd6c768f5c21a896aa8f4e07392ba'),(30,0,'ETL-Load','fbcb5857dfde1f626bae1c9d8314f331'),(31,0,'Csv-to-csv','a82ca97125f44f78a0f2a091ea73f145'),(32,0,'taskletsJob','dd6ad55b19544bd8796ad2c5b25beb59'),(33,0,'taskletsJob','ccb1dc39833698a144a7c5cf6138e410'),(34,0,'createCsvJob','ce679695d59c03f321c35b74bec8889a'),(35,0,'createCsvJob','4fd41fe4de597c2d6b6f210bbb1de267'),(36,0,'createCsvJob','3e50362f4fab8183b2e8385dfb2583f0'),(37,0,'createCsvJob','b1e8aca63feb076e84784a92a3add7c2'),(38,0,'createCsvJob','e8f3eb01d444db224175ccc8326e4fe2'),(39,0,'createCsvJob','5c3e857fd319503fb37b2b7a295b1f2e'),(40,0,'createCsvJob','20967c9cc1bffec0652d3166215ac7b6'),(41,0,'createCsvJob','b551ae18cf5fa9f76c3f744f81b9b520'),(42,0,'createCsvJob','9e829ae361ec65416293a32d5821afc6'),(43,0,'ETL-Load','6753812203c64430a90e80c2d829583c'),(44,0,'Csv-to-csv','148e6b65c7c3aa16d9cc5775d6da1079'),(45,0,'createCsvJob','c78f23c586c83361a3e579e89b66b380'),(46,0,'ETL-Load','71b7c78093a012017ec676b00ed74f8c'),(47,0,'Csv-to-csv','c57e12f7f200343cd88468af73c9db4d'),(48,0,'ETL-Load','540ac0fe9c70a026d1fe880ac32727f1'),(49,0,'Csv-to-csv','f88177e3c9e5a85a5f28b545522cfc40'),(50,0,'createCsvJob','90f76318ebb15ec5b1191c5c3795ad79'),(51,0,'ETL-Load','edab868c5de2c161f80bc1530d616937'),(52,0,'Csv-to-csv','b50a878f3027124da222570486719cec'),(53,0,'Csv-to-csv','fc635b645124469d21932b98e336d586');
/*!40000 ALTER TABLE `batch_job_instance` ENABLE KEYS */;
UNLOCK TABLES;

--
-- Table structure for table `batch_job_seq`
--

DROP TABLE IF EXISTS `batch_job_seq`;
/*!40101 SET @saved_cs_client     = @@character_set_client */;
/*!50503 SET character_set_client = utf8mb4 */;
CREATE TABLE `batch_job_seq` (
  `ID` bigint NOT NULL,
  `UNIQUE_KEY` char(1) NOT NULL,
  UNIQUE KEY `UNIQUE_KEY_UN` (`UNIQUE_KEY`)
) ENGINE=InnoDB DEFAULT CHARSET=utf8mb4 COLLATE=utf8mb4_0900_ai_ci;
/*!40101 SET character_set_client = @saved_cs_client */;

--
-- Dumping data for table `batch_job_seq`
--

LOCK TABLES `batch_job_seq` WRITE;
/*!40000 ALTER TABLE `batch_job_seq` DISABLE KEYS */;
INSERT INTO `batch_job_seq` VALUES (53,'0');
/*!40000 ALTER TABLE `batch_job_seq` ENABLE KEYS */;
UNLOCK TABLES;

--
-- Table structure for table `batch_step_execution`
--

DROP TABLE IF EXISTS `batch_step_execution`;
/*!40101 SET @saved_cs_client     = @@character_set_client */;
/*!50503 SET character_set_client = utf8mb4 */;
CREATE TABLE `batch_step_execution` (
  `STEP_EXECUTION_ID` bigint NOT NULL,
  `VERSION` bigint NOT NULL,
  `STEP_NAME` varchar(100) NOT NULL,
  `JOB_EXECUTION_ID` bigint NOT NULL,
  `START_TIME` datetime NOT NULL,
  `END_TIME` datetime DEFAULT NULL,
  `STATUS` varchar(10) DEFAULT NULL,
  `COMMIT_COUNT` bigint DEFAULT NULL,
  `READ_COUNT` bigint DEFAULT NULL,
  `FILTER_COUNT` bigint DEFAULT NULL,
  `WRITE_COUNT` bigint DEFAULT NULL,
  `READ_SKIP_COUNT` bigint DEFAULT NULL,
  `WRITE_SKIP_COUNT` bigint DEFAULT NULL,
  `PROCESS_SKIP_COUNT` bigint DEFAULT NULL,
  `ROLLBACK_COUNT` bigint DEFAULT NULL,
  `EXIT_CODE` varchar(2500) DEFAULT NULL,
  `EXIT_MESSAGE` varchar(2500) DEFAULT NULL,
  `LAST_UPDATED` datetime DEFAULT NULL,
  PRIMARY KEY (`STEP_EXECUTION_ID`),
  KEY `JOB_EXEC_STEP_FK` (`JOB_EXECUTION_ID`),
  CONSTRAINT `JOB_EXEC_STEP_FK` FOREIGN KEY (`JOB_EXECUTION_ID`) REFERENCES `batch_job_execution` (`JOB_EXECUTION_ID`)
) ENGINE=InnoDB DEFAULT CHARSET=utf8mb4 COLLATE=utf8mb4_0900_ai_ci;
/*!40101 SET character_set_client = @saved_cs_client */;

--
-- Dumping data for table `batch_step_execution`
--

LOCK TABLES `batch_step_execution` WRITE;
/*!40000 ALTER TABLE `batch_step_execution` DISABLE KEYS */;
INSERT INTO `batch_step_execution` VALUES (1,3,'ETL-file-load',1,'2020-05-17 14:26:00','2020-05-17 14:26:01','COMPLETED',1,3,0,3,0,0,0,0,'COMPLETED','','2020-05-17 14:26:01'),(2,3,'ETL-file-load',2,'2020-05-17 14:36:10','2020-05-17 14:36:10','COMPLETED',1,3,0,3,0,0,0,0,'COMPLETED','','2020-05-17 14:36:10'),(3,2,'ETL-file-load',3,'2020-05-17 15:01:45','2020-05-17 15:01:46','FAILED',0,3,0,0,0,0,0,1,'FAILED','java.lang.NullPointerException\r\n	at com.example.batchexample.batch.DBWriter.addChar2(DBWriter.java:19)\r\n	at com.example.batchexample.batch.DBWriter.write(DBWriter.java:30)\r\n	at org.springframework.batch.core.step.item.SimpleChunkProcessor.writeItems(SimpleChunkProcessor.java:193)\r\n	at org.springframework.batch.core.step.item.SimpleChunkProcessor.doWrite(SimpleChunkProcessor.java:159)\r\n	at org.springframework.batch.core.step.item.SimpleChunkProcessor.write(SimpleChunkProcessor.java:294)\r\n	at org.springframework.batch.core.step.item.SimpleChunkProcessor.process(SimpleChunkProcessor.java:217)\r\n	at org.springframework.batch.core.step.item.ChunkOrientedTasklet.execute(ChunkOrientedTasklet.java:77)\r\n	at org.springframework.batch.core.step.tasklet.TaskletStep$ChunkTransactionCallback.doInTransaction(TaskletStep.java:407)\r\n	at org.springframework.batch.core.step.tasklet.TaskletStep$ChunkTransactionCallback.doInTransaction(TaskletStep.java:331)\r\n	at org.springframework.transaction.support.TransactionTemplate.execute(TransactionTemplate.java:140)\r\n	at org.springframework.batch.core.step.tasklet.TaskletStep$2.doInChunkContext(TaskletStep.java:273)\r\n	at org.springframework.batch.core.scope.context.StepContextRepeatCallback.doInIteration(StepContextRepeatCallback.java:82)\r\n	at org.springframework.batch.repeat.support.RepeatTemplate.getNextResult(RepeatTemplate.java:375)\r\n	at org.springframework.batch.repeat.support.RepeatTemplate.executeInternal(RepeatTemplate.java:215)\r\n	at org.springframework.batch.repeat.support.RepeatTemplate.iterate(RepeatTemplate.java:145)\r\n	at org.springframework.batch.core.step.tasklet.TaskletStep.doExecute(TaskletStep.java:258)\r\n	at org.springframework.batch.core.step.AbstractStep.execute(AbstractStep.java:208)\r\n	at org.springframework.batch.core.job.SimpleStepHandler.handleStep(SimpleStepHandler.java:148)\r\n	at org.springframework.batch.core.job.AbstractJob.handleStep(AbstractJob.java:410)\r\n	at org.springframework.batch.core.job.SimpleJob.doExecute(SimpleJob.java:136)\r\n	at org.springframework.batch.core.job.AbstractJob.execute(AbstractJob.java:319)\r\n	at org.springframework.batch.core.launch.support.SimpleJobLauncher$1.run(SimpleJobLauncher.java:147)\r\n	at org.springframework.core.task.SyncTaskExecutor.execute(SyncTaskExecutor.java:50)\r\n	at org.springframework.batch.core.launch.support.SimpleJobLauncher.run(SimpleJobLauncher.java:140)\r\n	at sun.reflect.NativeMethodAccessorImpl.invoke0(Native Method)\r\n	at sun.reflect.NativeMethodAccessorImpl.invok','2020-05-17 15:01:46'),(4,3,'ETL-file-load',4,'2020-05-17 15:05:03','2020-05-17 15:05:03','COMPLETED',1,3,0,3,0,0,0,0,'COMPLETED','','2020-05-17 15:05:03'),(5,3,'ETL-file-load',5,'2020-05-18 23:19:56','2020-05-18 23:19:56','COMPLETED',1,3,0,3,0,0,0,0,'COMPLETED','','2020-05-18 23:19:56'),(6,3,'ETL-file-load',6,'2020-05-18 23:25:39','2020-05-18 23:25:39','COMPLETED',1,3,0,3,0,0,0,0,'COMPLETED','','2020-05-18 23:25:39'),(7,3,'ETL-file-load',7,'2020-05-19 00:03:07','2020-05-19 00:03:08','COMPLETED',1,3,0,3,0,0,0,0,'COMPLETED','','2020-05-19 00:03:08'),(8,3,'ETL-file-load',8,'2020-05-19 00:04:04','2020-05-19 00:04:04','COMPLETED',1,3,0,3,0,0,0,0,'COMPLETED','','2020-05-19 00:04:04'),(9,3,'ETL-file-load',9,'2020-05-19 00:09:58','2020-05-19 00:09:59','COMPLETED',1,3,0,3,0,0,0,0,'COMPLETED','','2020-05-19 00:09:59'),(10,2,'ETL-file-load',10,'2020-05-19 23:03:07','2020-05-19 23:03:07','FAILED',0,3,0,0,0,0,0,1,'FAILED','java.lang.NullPointerException\r\n	at com.example.batchexample.batch.DBWriter.write(DBWriter.java:29)\r\n	at org.springframework.batch.core.step.item.SimpleChunkProcessor.writeItems(SimpleChunkProcessor.java:193)\r\n	at org.springframework.batch.core.step.item.SimpleChunkProcessor.doWrite(SimpleChunkProcessor.java:159)\r\n	at org.springframework.batch.core.step.item.SimpleChunkProcessor.write(SimpleChunkProcessor.java:294)\r\n	at org.springframework.batch.core.step.item.SimpleChunkProcessor.process(SimpleChunkProcessor.java:217)\r\n	at org.springframework.batch.core.step.item.ChunkOrientedTasklet.execute(ChunkOrientedTasklet.java:77)\r\n	at org.springframework.batch.core.step.tasklet.TaskletStep$ChunkTransactionCallback.doInTransaction(TaskletStep.java:407)\r\n	at org.springframework.batch.core.step.tasklet.TaskletStep$ChunkTransactionCallback.doInTransaction(TaskletStep.java:331)\r\n	at org.springframework.transaction.support.TransactionTemplate.execute(TransactionTemplate.java:140)\r\n	at org.springframework.batch.core.step.tasklet.TaskletStep$2.doInChunkContext(TaskletStep.java:273)\r\n	at org.springframework.batch.core.scope.context.StepContextRepeatCallback.doInIteration(StepContextRepeatCallback.java:82)\r\n	at org.springframework.batch.repeat.support.RepeatTemplate.getNextResult(RepeatTemplate.java:375)\r\n	at org.springframework.batch.repeat.support.RepeatTemplate.executeInternal(RepeatTemplate.java:215)\r\n	at org.springframework.batch.repeat.support.RepeatTemplate.iterate(RepeatTemplate.java:145)\r\n	at org.springframework.batch.core.step.tasklet.TaskletStep.doExecute(TaskletStep.java:258)\r\n	at org.springframework.batch.core.step.AbstractStep.execute(AbstractStep.java:208)\r\n	at org.springframework.batch.core.job.SimpleStepHandler.handleStep(SimpleStepHandler.java:148)\r\n	at org.springframework.batch.core.job.AbstractJob.handleStep(AbstractJob.java:410)\r\n	at org.springframework.batch.core.job.SimpleJob.doExecute(SimpleJob.java:136)\r\n	at org.springframework.batch.core.job.AbstractJob.execute(AbstractJob.java:319)\r\n	at org.springframework.batch.core.launch.support.SimpleJobLauncher$1.run(SimpleJobLauncher.java:147)\r\n	at org.springframework.core.task.SyncTaskExecutor.execute(SyncTaskExecutor.java:50)\r\n	at org.springframework.batch.core.launch.support.SimpleJobLauncher.run(SimpleJobLauncher.java:140)\r\n	at sun.reflect.NativeMethodAccessorImpl.invoke0(Native Method)\r\n	at sun.reflect.NativeMethodAccessorImpl.invoke(NativeMethodAccessorImpl.java:62)\r\n	at sun.reflect.DelegatingMethodAcc','2020-05-19 23:03:07'),(11,3,'ETL-file-load',11,'2020-05-19 23:09:25','2020-05-19 23:09:25','COMPLETED',1,3,0,3,0,0,0,0,'COMPLETED','','2020-05-19 23:09:25'),(12,3,'ETL-file-load',12,'2020-05-19 23:28:50','2020-05-19 23:28:50','COMPLETED',1,3,0,3,0,0,0,0,'COMPLETED','','2020-05-19 23:28:50'),(13,2,'Csv-to-csv-load',13,'2020-05-19 23:43:17','2020-05-19 23:43:17','FAILED',0,0,0,0,0,0,0,0,'FAILED','org.springframework.batch.item.ItemStreamException: Could not convert resource to file: [class path resource [persons.csv]]\r\n	at org.springframework.batch.item.support.AbstractFileItemWriter.getOutputState(AbstractFileItemWriter.java:370)\r\n	at org.springframework.batch.item.support.AbstractFileItemWriter.open(AbstractFileItemWriter.java:308)\r\n	at org.springframework.batch.item.support.CompositeItemStream.open(CompositeItemStream.java:103)\r\n	at org.springframework.batch.core.step.tasklet.TaskletStep.open(TaskletStep.java:311)\r\n	at org.springframework.batch.core.step.AbstractStep.execute(AbstractStep.java:205)\r\n	at org.springframework.batch.core.job.SimpleStepHandler.handleStep(SimpleStepHandler.java:148)\r\n	at org.springframework.batch.core.job.AbstractJob.handleStep(AbstractJob.java:410)\r\n	at org.springframework.batch.core.job.SimpleJob.doExecute(SimpleJob.java:136)\r\n	at org.springframework.batch.core.job.AbstractJob.execute(AbstractJob.java:319)\r\n	at org.springframework.batch.core.launch.support.SimpleJobLauncher$1.run(SimpleJobLauncher.java:147)\r\n	at org.springframework.core.task.SyncTaskExecutor.execute(SyncTaskExecutor.java:50)\r\n	at org.springframework.batch.core.launch.support.SimpleJobLauncher.run(SimpleJobLauncher.java:140)\r\n	at sun.reflect.NativeMethodAccessorImpl.invoke0(Native Method)\r\n	at sun.reflect.NativeMethodAccessorImpl.invoke(NativeMethodAccessorImpl.java:62)\r\n	at sun.reflect.DelegatingMethodAccessorImpl.invoke(DelegatingMethodAccessorImpl.java:43)\r\n	at java.lang.reflect.Method.invoke(Method.java:498)\r\n	at org.springframework.aop.support.AopUtils.invokeJoinpointUsingReflection(AopUtils.java:344)\r\n	at org.springframework.aop.framework.ReflectiveMethodInvocation.invokeJoinpoint(ReflectiveMethodInvocation.java:198)\r\n	at org.springframework.aop.framework.ReflectiveMethodInvocation.proceed(ReflectiveMethodInvocation.java:163)\r\n	at org.springframework.batch.core.configuration.annotation.SimpleBatchConfiguration$PassthruAdvice.invoke(SimpleBatchConfiguration.java:127)\r\n	at org.springframework.aop.framework.ReflectiveMethodInvocation.proceed(ReflectiveMethodInvocation.java:186)\r\n	at org.springframework.aop.framework.JdkDynamicAopProxy.invoke(JdkDynamicAopProxy.java:212)\r\n	at com.sun.proxy.$Proxy85.run(Unknown Source)\r\n	at batch.example.batchspringexample.controller.LoadController.load(LoadController.java:32)\r\n	at sun.reflect.NativeMethodAccessorImpl.invoke0(Native Method)\r\n	at sun.reflect.NativeMethodAccessorImpl.invoke(NativeMethodAccessorImpl.jav','2020-05-19 23:43:17'),(14,2,'Csv-to-csv-load',14,'2020-05-19 23:44:02','2020-05-19 23:44:02','FAILED',0,0,0,0,0,0,0,0,'FAILED','org.springframework.batch.item.ItemStreamException: Could not convert resource to file: [class path resource [persons.csv]]\r\n	at org.springframework.batch.item.support.AbstractFileItemWriter.getOutputState(AbstractFileItemWriter.java:370)\r\n	at org.springframework.batch.item.support.AbstractFileItemWriter.open(AbstractFileItemWriter.java:308)\r\n	at org.springframework.batch.item.support.CompositeItemStream.open(CompositeItemStream.java:103)\r\n	at org.springframework.batch.core.step.tasklet.TaskletStep.open(TaskletStep.java:311)\r\n	at org.springframework.batch.core.step.AbstractStep.execute(AbstractStep.java:205)\r\n	at org.springframework.batch.core.job.SimpleStepHandler.handleStep(SimpleStepHandler.java:148)\r\n	at org.springframework.batch.core.job.AbstractJob.handleStep(AbstractJob.java:410)\r\n	at org.springframework.batch.core.job.SimpleJob.doExecute(SimpleJob.java:136)\r\n	at org.springframework.batch.core.job.AbstractJob.execute(AbstractJob.java:319)\r\n	at org.springframework.batch.core.launch.support.SimpleJobLauncher$1.run(SimpleJobLauncher.java:147)\r\n	at org.springframework.core.task.SyncTaskExecutor.execute(SyncTaskExecutor.java:50)\r\n	at org.springframework.batch.core.launch.support.SimpleJobLauncher.run(SimpleJobLauncher.java:140)\r\n	at sun.reflect.NativeMethodAccessorImpl.invoke0(Native Method)\r\n	at sun.reflect.NativeMethodAccessorImpl.invoke(NativeMethodAccessorImpl.java:62)\r\n	at sun.reflect.DelegatingMethodAccessorImpl.invoke(DelegatingMethodAccessorImpl.java:43)\r\n	at java.lang.reflect.Method.invoke(Method.java:498)\r\n	at org.springframework.aop.support.AopUtils.invokeJoinpointUsingReflection(AopUtils.java:344)\r\n	at org.springframework.aop.framework.ReflectiveMethodInvocation.invokeJoinpoint(ReflectiveMethodInvocation.java:198)\r\n	at org.springframework.aop.framework.ReflectiveMethodInvocation.proceed(ReflectiveMethodInvocation.java:163)\r\n	at org.springframework.batch.core.configuration.annotation.SimpleBatchConfiguration$PassthruAdvice.invoke(SimpleBatchConfiguration.java:127)\r\n	at org.springframework.aop.framework.ReflectiveMethodInvocation.proceed(ReflectiveMethodInvocation.java:186)\r\n	at org.springframework.aop.framework.JdkDynamicAopProxy.invoke(JdkDynamicAopProxy.java:212)\r\n	at com.sun.proxy.$Proxy85.run(Unknown Source)\r\n	at batch.example.batchspringexample.controller.LoadController.load(LoadController.java:32)\r\n	at sun.reflect.NativeMethodAccessorImpl.invoke0(Native Method)\r\n	at sun.reflect.NativeMethodAccessorImpl.invoke(NativeMethodAccessorImpl.jav','2020-05-19 23:44:02'),(15,3,'Csv-to-csv-load',15,'2020-05-19 23:45:46','2020-05-19 23:45:46','COMPLETED',1,3,0,3,0,0,0,0,'COMPLETED','','2020-05-19 23:45:46'),(16,3,'Csv-to-csv-load',16,'2020-05-19 23:47:20','2020-05-19 23:47:20','COMPLETED',1,3,0,3,0,0,0,0,'COMPLETED','','2020-05-19 23:47:20'),(17,3,'Csv-to-csv-load',17,'2020-05-19 23:50:12','2020-05-19 23:50:12','COMPLETED',1,3,0,3,0,0,0,0,'COMPLETED','','2020-05-19 23:50:12'),(18,3,'Csv-to-csv-load',18,'2020-05-19 23:50:40','2020-05-19 23:50:40','COMPLETED',1,3,0,3,0,0,0,0,'COMPLETED','','2020-05-19 23:50:40'),(19,3,'Csv-to-csv-load',19,'2020-05-19 23:50:41','2020-05-19 23:50:41','COMPLETED',1,3,0,3,0,0,0,0,'COMPLETED','','2020-05-19 23:50:41'),(20,3,'Csv-to-csv-load',20,'2020-05-19 23:52:54','2020-05-19 23:52:54','COMPLETED',1,3,0,3,0,0,0,0,'COMPLETED','','2020-05-19 23:52:54'),(21,2,'Csv-to-csv-load',21,'2020-05-21 12:07:31','2020-05-21 12:07:31','FAILED',0,0,0,0,0,0,0,0,'FAILED','org.springframework.batch.item.ItemStreamException: Could not convert resource to file: [class path resource [persons.csv]]\r\n	at org.springframework.batch.item.support.AbstractFileItemWriter.getOutputState(AbstractFileItemWriter.java:370)\r\n	at org.springframework.batch.item.support.AbstractFileItemWriter.open(AbstractFileItemWriter.java:308)\r\n	at org.springframework.batch.item.support.CompositeItemStream.open(CompositeItemStream.java:103)\r\n	at org.springframework.batch.core.step.tasklet.TaskletStep.open(TaskletStep.java:311)\r\n	at org.springframework.batch.core.step.AbstractStep.execute(AbstractStep.java:205)\r\n	at org.springframework.batch.core.job.SimpleStepHandler.handleStep(SimpleStepHandler.java:148)\r\n	at org.springframework.batch.core.job.AbstractJob.handleStep(AbstractJob.java:410)\r\n	at org.springframework.batch.core.job.SimpleJob.doExecute(SimpleJob.java:136)\r\n	at org.springframework.batch.core.job.AbstractJob.execute(AbstractJob.java:319)\r\n	at org.springframework.batch.core.launch.support.SimpleJobLauncher$1.run(SimpleJobLauncher.java:147)\r\n	at org.springframework.core.task.SyncTaskExecutor.execute(SyncTaskExecutor.java:50)\r\n	at org.springframework.batch.core.launch.support.SimpleJobLauncher.run(SimpleJobLauncher.java:140)\r\n	at sun.reflect.NativeMethodAccessorImpl.invoke0(Native Method)\r\n	at sun.reflect.NativeMethodAccessorImpl.invoke(NativeMethodAccessorImpl.java:62)\r\n	at sun.reflect.DelegatingMethodAccessorImpl.invoke(DelegatingMethodAccessorImpl.java:43)\r\n	at java.lang.reflect.Method.invoke(Method.java:498)\r\n	at org.springframework.aop.support.AopUtils.invokeJoinpointUsingReflection(AopUtils.java:344)\r\n	at org.springframework.aop.framework.ReflectiveMethodInvocation.invokeJoinpoint(ReflectiveMethodInvocation.java:198)\r\n	at org.springframework.aop.framework.ReflectiveMethodInvocation.proceed(ReflectiveMethodInvocation.java:163)\r\n	at org.springframework.batch.core.configuration.annotation.SimpleBatchConfiguration$PassthruAdvice.invoke(SimpleBatchConfiguration.java:127)\r\n	at org.springframework.aop.framework.ReflectiveMethodInvocation.proceed(ReflectiveMethodInvocation.java:186)\r\n	at org.springframework.aop.framework.JdkDynamicAopProxy.invoke(JdkDynamicAopProxy.java:212)\r\n	at com.sun.proxy.$Proxy94.run(Unknown Source)\r\n	at com.example.batchexample.controller.CsvToCsvController.load(CsvToCsvController.java:34)\r\n	at sun.reflect.NativeMethodAccessorImpl.invoke0(Native Method)\r\n	at sun.reflect.NativeMethodAccessorImpl.invoke(NativeMethodAccessorImpl.jav','2020-05-21 12:07:31'),(22,3,'Csv-to-csv-load',22,'2020-05-21 12:08:52','2020-05-21 12:08:52','COMPLETED',1,3,0,3,0,0,0,0,'COMPLETED','','2020-05-21 12:08:52'),(23,3,'Csv-to-csv-load',23,'2020-05-21 23:19:00','2020-05-21 23:19:01','COMPLETED',1,3,0,3,0,0,0,0,'COMPLETED','','2020-05-21 23:19:01'),(24,3,'Csv-to-csv-load',24,'2020-05-21 23:20:00','2020-05-21 23:20:00','COMPLETED',1,3,0,3,0,0,0,0,'COMPLETED','','2020-05-21 23:20:00'),(25,3,'Csv-to-csv-load',25,'2020-05-21 23:21:00','2020-05-21 23:21:00','COMPLETED',1,3,0,3,0,0,0,0,'COMPLETED','','2020-05-21 23:21:00'),(26,3,'Csv-to-csv-load',26,'2020-05-21 23:22:00','2020-05-21 23:22:00','COMPLETED',1,3,0,3,0,0,0,0,'COMPLETED','','2020-05-21 23:22:00'),(27,3,'Csv-to-csv-load',27,'2020-05-21 23:23:00','2020-05-21 23:23:00','COMPLETED',1,3,0,3,0,0,0,0,'COMPLETED','','2020-05-21 23:23:00'),(28,3,'Csv-to-csv-load',28,'2020-05-21 23:24:00','2020-05-21 23:24:01','COMPLETED',1,3,0,3,0,0,0,0,'COMPLETED','','2020-05-21 23:24:01'),(29,3,'Csv-to-csv-load',29,'2020-05-21 23:25:00','2020-05-21 23:25:00','COMPLETED',1,3,0,3,0,0,0,0,'COMPLETED','','2020-05-21 23:25:00'),(30,3,'ETL-file-load',30,'2020-05-21 23:46:00','2020-05-21 23:46:00','COMPLETED',1,3,0,3,0,0,0,0,'COMPLETED','','2020-05-21 23:46:00'),(31,3,'Csv-to-csv-load',31,'2020-05-21 23:47:00','2020-05-21 23:47:00','COMPLETED',1,3,0,3,0,0,0,0,'COMPLETED','','2020-05-21 23:47:00'),(32,2,'readUser',32,'2020-05-26 00:43:00','2020-05-26 00:43:00','FAILED',0,0,0,0,0,0,0,1,'FAILED','java.lang.NullPointerException\r\n	at com.example.batchexample.taskletCsvToCsv.FileUtils.readLine(FileUtils.java:28)\r\n	at com.example.batchexample.taskletCsvToCsv.UserReader.execute(UserReader.java:38)\r\n	at org.springframework.batch.core.step.tasklet.TaskletStep$ChunkTransactionCallback.doInTransaction(TaskletStep.java:407)\r\n	at org.springframework.batch.core.step.tasklet.TaskletStep$ChunkTransactionCallback.doInTransaction(TaskletStep.java:331)\r\n	at org.springframework.transaction.support.TransactionTemplate.execute(TransactionTemplate.java:140)\r\n	at org.springframework.batch.core.step.tasklet.TaskletStep$2.doInChunkContext(TaskletStep.java:273)\r\n	at org.springframework.batch.core.scope.context.StepContextRepeatCallback.doInIteration(StepContextRepeatCallback.java:82)\r\n	at org.springframework.batch.repeat.support.RepeatTemplate.getNextResult(RepeatTemplate.java:375)\r\n	at org.springframework.batch.repeat.support.RepeatTemplate.executeInternal(RepeatTemplate.java:215)\r\n	at org.springframework.batch.repeat.support.RepeatTemplate.iterate(RepeatTemplate.java:145)\r\n	at org.springframework.batch.core.step.tasklet.TaskletStep.doExecute(TaskletStep.java:258)\r\n	at org.springframework.batch.core.step.AbstractStep.execute(AbstractStep.java:208)\r\n	at org.springframework.batch.core.job.SimpleStepHandler.handleStep(SimpleStepHandler.java:148)\r\n	at org.springframework.batch.core.job.AbstractJob.handleStep(AbstractJob.java:410)\r\n	at org.springframework.batch.core.job.SimpleJob.doExecute(SimpleJob.java:136)\r\n	at org.springframework.batch.core.job.AbstractJob.execute(AbstractJob.java:319)\r\n	at org.springframework.batch.core.launch.support.SimpleJobLauncher$1.run(SimpleJobLauncher.java:147)\r\n	at org.springframework.core.task.SyncTaskExecutor.execute(SyncTaskExecutor.java:50)\r\n	at org.springframework.batch.core.launch.support.SimpleJobLauncher.run(SimpleJobLauncher.java:140)\r\n	at sun.reflect.NativeMethodAccessorImpl.invoke0(Native Method)\r\n	at sun.reflect.NativeMethodAccessorImpl.invoke(NativeMethodAccessorImpl.java:62)\r\n	at sun.reflect.DelegatingMethodAccessorImpl.invoke(DelegatingMethodAccessorImpl.java:43)\r\n	at java.lang.reflect.Method.invoke(Method.java:498)\r\n	at org.springframework.aop.support.AopUtils.invokeJoinpointUsingReflection(AopUtils.java:344)\r\n	at org.springframework.aop.framework.ReflectiveMethodInvocation.invokeJoinpoint(ReflectiveMethodInvocation.java:198)\r\n	at org.springframework.aop.framework.ReflectiveMethodInvocation.proceed(ReflectiveMethodInvocation.java:','2020-05-26 00:43:00'),(33,2,'readUser',33,'2020-05-26 00:52:00','2020-05-26 00:52:00','FAILED',0,0,0,0,0,0,0,1,'FAILED','java.lang.NullPointerException\r\n	at com.example.batchexample.taskletCsvToCsv.FileUtils.initReader(FileUtils.java:63)\r\n	at com.example.batchexample.taskletCsvToCsv.FileUtils.readLine(FileUtils.java:27)\r\n	at com.example.batchexample.taskletCsvToCsv.UserReader.execute(UserReader.java:38)\r\n	at org.springframework.batch.core.step.tasklet.TaskletStep$ChunkTransactionCallback.doInTransaction(TaskletStep.java:407)\r\n	at org.springframework.batch.core.step.tasklet.TaskletStep$ChunkTransactionCallback.doInTransaction(TaskletStep.java:331)\r\n	at org.springframework.transaction.support.TransactionTemplate.execute(TransactionTemplate.java:140)\r\n	at org.springframework.batch.core.step.tasklet.TaskletStep$2.doInChunkContext(TaskletStep.java:273)\r\n	at org.springframework.batch.core.scope.context.StepContextRepeatCallback.doInIteration(StepContextRepeatCallback.java:82)\r\n	at org.springframework.batch.repeat.support.RepeatTemplate.getNextResult(RepeatTemplate.java:375)\r\n	at org.springframework.batch.repeat.support.RepeatTemplate.executeInternal(RepeatTemplate.java:215)\r\n	at org.springframework.batch.repeat.support.RepeatTemplate.iterate(RepeatTemplate.java:145)\r\n	at org.springframework.batch.core.step.tasklet.TaskletStep.doExecute(TaskletStep.java:258)\r\n	at org.springframework.batch.core.step.AbstractStep.execute(AbstractStep.java:208)\r\n	at org.springframework.batch.core.job.SimpleStepHandler.handleStep(SimpleStepHandler.java:148)\r\n	at org.springframework.batch.core.job.AbstractJob.handleStep(AbstractJob.java:410)\r\n	at org.springframework.batch.core.job.SimpleJob.doExecute(SimpleJob.java:136)\r\n	at org.springframework.batch.core.job.AbstractJob.execute(AbstractJob.java:319)\r\n	at org.springframework.batch.core.launch.support.SimpleJobLauncher$1.run(SimpleJobLauncher.java:147)\r\n	at org.springframework.core.task.SyncTaskExecutor.execute(SyncTaskExecutor.java:50)\r\n	at org.springframework.batch.core.launch.support.SimpleJobLauncher.run(SimpleJobLauncher.java:140)\r\n	at sun.reflect.NativeMethodAccessorImpl.invoke0(Native Method)\r\n	at sun.reflect.NativeMethodAccessorImpl.invoke(NativeMethodAccessorImpl.java:62)\r\n	at sun.reflect.DelegatingMethodAccessorImpl.invoke(DelegatingMethodAccessorImpl.java:43)\r\n	at java.lang.reflect.Method.invoke(Method.java:498)\r\n	at org.springframework.aop.support.AopUtils.invokeJoinpointUsingReflection(AopUtils.java:344)\r\n	at org.springframework.aop.framework.ReflectiveMethodInvocation.invokeJoinpoint(ReflectiveMethodInvocation.java:198)\r\n	at org.springframe','2020-05-26 00:52:00'),(34,2,'readUser',34,'2020-05-26 11:13:00','2020-05-26 11:13:00','FAILED',0,0,0,0,0,0,0,1,'FAILED','java.io.FileNotFoundException: C:\\Users\\Igor\\Documents\\praksa%20projekti%20endava\\batch-example\\target\\classes\\users.csv (The system cannot find the path specified)\r\n	at java.io.FileInputStream.open0(Native Method)\r\n	at java.io.FileInputStream.open(FileInputStream.java:195)\r\n	at java.io.FileInputStream.<init>(FileInputStream.java:138)\r\n	at java.io.FileReader.<init>(FileReader.java:72)\r\n	at com.example.batchexample.taskletCsvToCsv.FileUtils.initReader(FileUtils.java:64)\r\n	at com.example.batchexample.taskletCsvToCsv.FileUtils.readLine(FileUtils.java:27)\r\n	at com.example.batchexample.taskletCsvToCsv.UserReader.execute(UserReader.java:38)\r\n	at org.springframework.batch.core.step.tasklet.TaskletStep$ChunkTransactionCallback.doInTransaction(TaskletStep.java:407)\r\n	at org.springframework.batch.core.step.tasklet.TaskletStep$ChunkTransactionCallback.doInTransaction(TaskletStep.java:331)\r\n	at org.springframework.transaction.support.TransactionTemplate.execute(TransactionTemplate.java:140)\r\n	at org.springframework.batch.core.step.tasklet.TaskletStep$2.doInChunkContext(TaskletStep.java:273)\r\n	at org.springframework.batch.core.scope.context.StepContextRepeatCallback.doInIteration(StepContextRepeatCallback.java:82)\r\n	at org.springframework.batch.repeat.support.RepeatTemplate.getNextResult(RepeatTemplate.java:375)\r\n	at org.springframework.batch.repeat.support.RepeatTemplate.executeInternal(RepeatTemplate.java:215)\r\n	at org.springframework.batch.repeat.support.RepeatTemplate.iterate(RepeatTemplate.java:145)\r\n	at org.springframework.batch.core.step.tasklet.TaskletStep.doExecute(TaskletStep.java:258)\r\n	at org.springframework.batch.core.step.AbstractStep.execute(AbstractStep.java:208)\r\n	at org.springframework.batch.core.job.SimpleStepHandler.handleStep(SimpleStepHandler.java:148)\r\n	at org.springframework.batch.core.job.AbstractJob.handleStep(AbstractJob.java:410)\r\n	at org.springframework.batch.core.job.SimpleJob.doExecute(SimpleJob.java:136)\r\n	at org.springframework.batch.core.job.AbstractJob.execute(AbstractJob.java:319)\r\n	at org.springframework.batch.core.launch.support.SimpleJobLauncher$1.run(SimpleJobLauncher.java:147)\r\n	at org.springframework.core.task.SyncTaskExecutor.execute(SyncTaskExecutor.java:50)\r\n	at org.springframework.batch.core.launch.support.SimpleJobLauncher.run(SimpleJobLauncher.java:140)\r\n	at sun.reflect.NativeMethodAccessorImpl.invoke0(Native Method)\r\n	at sun.reflect.NativeMethodAccessorImpl.invoke(NativeMethodAccessorImpl.java:62)\r\n	at sun.reflect.Delega','2020-05-26 11:13:00'),(35,2,'readUser',35,'2020-05-26 16:58:00','2020-05-26 16:58:00','FAILED',0,0,0,0,0,0,0,1,'FAILED','java.lang.NullPointerException\r\n	at com.example.batchexample.taskletCsvToCsv.FileUtils.initReader(FileUtils.java:63)\r\n	at com.example.batchexample.taskletCsvToCsv.FileUtils.readLine(FileUtils.java:27)\r\n	at com.example.batchexample.taskletCsvToCsv.UserReader.execute(UserReader.java:38)\r\n	at org.springframework.batch.core.step.tasklet.TaskletStep$ChunkTransactionCallback.doInTransaction(TaskletStep.java:407)\r\n	at org.springframework.batch.core.step.tasklet.TaskletStep$ChunkTransactionCallback.doInTransaction(TaskletStep.java:331)\r\n	at org.springframework.transaction.support.TransactionTemplate.execute(TransactionTemplate.java:140)\r\n	at org.springframework.batch.core.step.tasklet.TaskletStep$2.doInChunkContext(TaskletStep.java:273)\r\n	at org.springframework.batch.core.scope.context.StepContextRepeatCallback.doInIteration(StepContextRepeatCallback.java:82)\r\n	at org.springframework.batch.repeat.support.RepeatTemplate.getNextResult(RepeatTemplate.java:375)\r\n	at org.springframework.batch.repeat.support.RepeatTemplate.executeInternal(RepeatTemplate.java:215)\r\n	at org.springframework.batch.repeat.support.RepeatTemplate.iterate(RepeatTemplate.java:145)\r\n	at org.springframework.batch.core.step.tasklet.TaskletStep.doExecute(TaskletStep.java:258)\r\n	at org.springframework.batch.core.step.AbstractStep.execute(AbstractStep.java:208)\r\n	at org.springframework.batch.core.job.SimpleStepHandler.handleStep(SimpleStepHandler.java:148)\r\n	at org.springframework.batch.core.job.AbstractJob.handleStep(AbstractJob.java:410)\r\n	at org.springframework.batch.core.job.SimpleJob.doExecute(SimpleJob.java:136)\r\n	at org.springframework.batch.core.job.AbstractJob.execute(AbstractJob.java:319)\r\n	at org.springframework.batch.core.launch.support.SimpleJobLauncher$1.run(SimpleJobLauncher.java:147)\r\n	at org.springframework.core.task.SyncTaskExecutor.execute(SyncTaskExecutor.java:50)\r\n	at org.springframework.batch.core.launch.support.SimpleJobLauncher.run(SimpleJobLauncher.java:140)\r\n	at sun.reflect.NativeMethodAccessorImpl.invoke0(Native Method)\r\n	at sun.reflect.NativeMethodAccessorImpl.invoke(NativeMethodAccessorImpl.java:62)\r\n	at sun.reflect.DelegatingMethodAccessorImpl.invoke(DelegatingMethodAccessorImpl.java:43)\r\n	at java.lang.reflect.Method.invoke(Method.java:498)\r\n	at org.springframework.aop.support.AopUtils.invokeJoinpointUsingReflection(AopUtils.java:344)\r\n	at org.springframework.aop.framework.ReflectiveMethodInvocation.invokeJoinpoint(ReflectiveMethodInvocation.java:198)\r\n	at org.springframe','2020-05-26 16:58:00'),(36,2,'readUser',36,'2020-05-26 19:28:00','2020-05-26 19:28:00','FAILED',0,0,0,0,0,0,0,1,'FAILED','java.io.FileNotFoundException: C:\\Users\\Igor\\Documents\\praksa%20projekti%20endava\\batch-example\\target\\classes\\users.csv (The system cannot find the path specified)\r\n	at java.io.FileInputStream.open0(Native Method)\r\n	at java.io.FileInputStream.open(FileInputStream.java:195)\r\n	at java.io.FileInputStream.<init>(FileInputStream.java:138)\r\n	at java.io.FileReader.<init>(FileReader.java:72)\r\n	at com.example.batchexample.taskletCsvToCsv.FileUtils.initReader(FileUtils.java:64)\r\n	at com.example.batchexample.taskletCsvToCsv.FileUtils.readLine(FileUtils.java:27)\r\n	at com.example.batchexample.taskletCsvToCsv.UserReader.execute(UserReader.java:38)\r\n	at org.springframework.batch.core.step.tasklet.TaskletStep$ChunkTransactionCallback.doInTransaction(TaskletStep.java:407)\r\n	at org.springframework.batch.core.step.tasklet.TaskletStep$ChunkTransactionCallback.doInTransaction(TaskletStep.java:331)\r\n	at org.springframework.transaction.support.TransactionTemplate.execute(TransactionTemplate.java:140)\r\n	at org.springframework.batch.core.step.tasklet.TaskletStep$2.doInChunkContext(TaskletStep.java:273)\r\n	at org.springframework.batch.core.scope.context.StepContextRepeatCallback.doInIteration(StepContextRepeatCallback.java:82)\r\n	at org.springframework.batch.repeat.support.RepeatTemplate.getNextResult(RepeatTemplate.java:375)\r\n	at org.springframework.batch.repeat.support.RepeatTemplate.executeInternal(RepeatTemplate.java:215)\r\n	at org.springframework.batch.repeat.support.RepeatTemplate.iterate(RepeatTemplate.java:145)\r\n	at org.springframework.batch.core.step.tasklet.TaskletStep.doExecute(TaskletStep.java:258)\r\n	at org.springframework.batch.core.step.AbstractStep.execute(AbstractStep.java:208)\r\n	at org.springframework.batch.core.job.SimpleStepHandler.handleStep(SimpleStepHandler.java:148)\r\n	at org.springframework.batch.core.job.AbstractJob.handleStep(AbstractJob.java:410)\r\n	at org.springframework.batch.core.job.SimpleJob.doExecute(SimpleJob.java:136)\r\n	at org.springframework.batch.core.job.AbstractJob.execute(AbstractJob.java:319)\r\n	at org.springframework.batch.core.launch.support.SimpleJobLauncher$1.run(SimpleJobLauncher.java:147)\r\n	at org.springframework.core.task.SyncTaskExecutor.execute(SyncTaskExecutor.java:50)\r\n	at org.springframework.batch.core.launch.support.SimpleJobLauncher.run(SimpleJobLauncher.java:140)\r\n	at sun.reflect.NativeMethodAccessorImpl.invoke0(Native Method)\r\n	at sun.reflect.NativeMethodAccessorImpl.invoke(NativeMethodAccessorImpl.java:62)\r\n	at sun.reflect.Delega','2020-05-26 19:28:00'),(37,2,'readUser',37,'2020-05-26 19:31:00','2020-05-26 19:31:01','FAILED',0,0,0,0,0,0,0,1,'FAILED','java.lang.NullPointerException\r\n	at com.example.batchexample.taskletCsvToCsv.FileUtils.initReader(FileUtils.java:63)\r\n	at com.example.batchexample.taskletCsvToCsv.FileUtils.readLine(FileUtils.java:27)\r\n	at com.example.batchexample.taskletCsvToCsv.UserReader.execute(UserReader.java:38)\r\n	at org.springframework.batch.core.step.tasklet.TaskletStep$ChunkTransactionCallback.doInTransaction(TaskletStep.java:407)\r\n	at org.springframework.batch.core.step.tasklet.TaskletStep$ChunkTransactionCallback.doInTransaction(TaskletStep.java:331)\r\n	at org.springframework.transaction.support.TransactionTemplate.execute(TransactionTemplate.java:140)\r\n	at org.springframework.batch.core.step.tasklet.TaskletStep$2.doInChunkContext(TaskletStep.java:273)\r\n	at org.springframework.batch.core.scope.context.StepContextRepeatCallback.doInIteration(StepContextRepeatCallback.java:82)\r\n	at org.springframework.batch.repeat.support.RepeatTemplate.getNextResult(RepeatTemplate.java:375)\r\n	at org.springframework.batch.repeat.support.RepeatTemplate.executeInternal(RepeatTemplate.java:215)\r\n	at org.springframework.batch.repeat.support.RepeatTemplate.iterate(RepeatTemplate.java:145)\r\n	at org.springframework.batch.core.step.tasklet.TaskletStep.doExecute(TaskletStep.java:258)\r\n	at org.springframework.batch.core.step.AbstractStep.execute(AbstractStep.java:208)\r\n	at org.springframework.batch.core.job.SimpleStepHandler.handleStep(SimpleStepHandler.java:148)\r\n	at org.springframework.batch.core.job.AbstractJob.handleStep(AbstractJob.java:410)\r\n	at org.springframework.batch.core.job.SimpleJob.doExecute(SimpleJob.java:136)\r\n	at org.springframework.batch.core.job.AbstractJob.execute(AbstractJob.java:319)\r\n	at org.springframework.batch.core.launch.support.SimpleJobLauncher$1.run(SimpleJobLauncher.java:147)\r\n	at org.springframework.core.task.SyncTaskExecutor.execute(SyncTaskExecutor.java:50)\r\n	at org.springframework.batch.core.launch.support.SimpleJobLauncher.run(SimpleJobLauncher.java:140)\r\n	at sun.reflect.NativeMethodAccessorImpl.invoke0(Native Method)\r\n	at sun.reflect.NativeMethodAccessorImpl.invoke(NativeMethodAccessorImpl.java:62)\r\n	at sun.reflect.DelegatingMethodAccessorImpl.invoke(DelegatingMethodAccessorImpl.java:43)\r\n	at java.lang.reflect.Method.invoke(Method.java:498)\r\n	at org.springframework.aop.support.AopUtils.invokeJoinpointUsingReflection(AopUtils.java:344)\r\n	at org.springframework.aop.framework.ReflectiveMethodInvocation.invokeJoinpoint(ReflectiveMethodInvocation.java:198)\r\n	at org.springframe','2020-05-26 19:31:01'),(38,2,'readUser',38,'2020-05-26 19:38:00','2020-05-26 19:38:00','FAILED',0,0,0,0,0,0,0,1,'FAILED','java.io.FileNotFoundException: C:\\Users\\Igor\\Documents\\praksa%20projekti%20endava\\batch-example\\target\\classes\\users.csv (The system cannot find the path specified)\r\n	at java.io.FileInputStream.open0(Native Method)\r\n	at java.io.FileInputStream.open(FileInputStream.java:195)\r\n	at java.io.FileInputStream.<init>(FileInputStream.java:138)\r\n	at java.io.FileReader.<init>(FileReader.java:72)\r\n	at com.example.batchexample.taskletCsvToCsv.FileUtils.initReader(FileUtils.java:69)\r\n	at com.example.batchexample.taskletCsvToCsv.FileUtils.readLine(FileUtils.java:27)\r\n	at com.example.batchexample.taskletCsvToCsv.UserReader.execute(UserReader.java:38)\r\n	at org.springframework.batch.core.step.tasklet.TaskletStep$ChunkTransactionCallback.doInTransaction(TaskletStep.java:407)\r\n	at org.springframework.batch.core.step.tasklet.TaskletStep$ChunkTransactionCallback.doInTransaction(TaskletStep.java:331)\r\n	at org.springframework.transaction.support.TransactionTemplate.execute(TransactionTemplate.java:140)\r\n	at org.springframework.batch.core.step.tasklet.TaskletStep$2.doInChunkContext(TaskletStep.java:273)\r\n	at org.springframework.batch.core.scope.context.StepContextRepeatCallback.doInIteration(StepContextRepeatCallback.java:82)\r\n	at org.springframework.batch.repeat.support.RepeatTemplate.getNextResult(RepeatTemplate.java:375)\r\n	at org.springframework.batch.repeat.support.RepeatTemplate.executeInternal(RepeatTemplate.java:215)\r\n	at org.springframework.batch.repeat.support.RepeatTemplate.iterate(RepeatTemplate.java:145)\r\n	at org.springframework.batch.core.step.tasklet.TaskletStep.doExecute(TaskletStep.java:258)\r\n	at org.springframework.batch.core.step.AbstractStep.execute(AbstractStep.java:208)\r\n	at org.springframework.batch.core.job.SimpleStepHandler.handleStep(SimpleStepHandler.java:148)\r\n	at org.springframework.batch.core.job.AbstractJob.handleStep(AbstractJob.java:410)\r\n	at org.springframework.batch.core.job.SimpleJob.doExecute(SimpleJob.java:136)\r\n	at org.springframework.batch.core.job.AbstractJob.execute(AbstractJob.java:319)\r\n	at org.springframework.batch.core.launch.support.SimpleJobLauncher$1.run(SimpleJobLauncher.java:147)\r\n	at org.springframework.core.task.SyncTaskExecutor.execute(SyncTaskExecutor.java:50)\r\n	at org.springframework.batch.core.launch.support.SimpleJobLauncher.run(SimpleJobLauncher.java:140)\r\n	at sun.reflect.NativeMethodAccessorImpl.invoke0(Native Method)\r\n	at sun.reflect.NativeMethodAccessorImpl.invoke(NativeMethodAccessorImpl.java:62)\r\n	at sun.reflect.Delega','2020-05-26 19:38:00'),(39,2,'readUser',39,'2020-05-26 19:42:00','2020-05-26 19:42:00','FAILED',0,0,0,0,0,0,0,1,'FAILED','java.io.FileNotFoundException: class path resource [sample.txt] cannot be resolved to absolute file path because it does not exist\r\n	at org.springframework.util.ResourceUtils.getFile(ResourceUtils.java:177)\r\n	at com.example.batchexample.taskletCsvToCsv.FileUtils.initReader(FileUtils.java:65)\r\n	at com.example.batchexample.taskletCsvToCsv.FileUtils.readLine(FileUtils.java:28)\r\n	at com.example.batchexample.taskletCsvToCsv.UserReader.execute(UserReader.java:38)\r\n	at org.springframework.batch.core.step.tasklet.TaskletStep$ChunkTransactionCallback.doInTransaction(TaskletStep.java:407)\r\n	at org.springframework.batch.core.step.tasklet.TaskletStep$ChunkTransactionCallback.doInTransaction(TaskletStep.java:331)\r\n	at org.springframework.transaction.support.TransactionTemplate.execute(TransactionTemplate.java:140)\r\n	at org.springframework.batch.core.step.tasklet.TaskletStep$2.doInChunkContext(TaskletStep.java:273)\r\n	at org.springframework.batch.core.scope.context.StepContextRepeatCallback.doInIteration(StepContextRepeatCallback.java:82)\r\n	at org.springframework.batch.repeat.support.RepeatTemplate.getNextResult(RepeatTemplate.java:375)\r\n	at org.springframework.batch.repeat.support.RepeatTemplate.executeInternal(RepeatTemplate.java:215)\r\n	at org.springframework.batch.repeat.support.RepeatTemplate.iterate(RepeatTemplate.java:145)\r\n	at org.springframework.batch.core.step.tasklet.TaskletStep.doExecute(TaskletStep.java:258)\r\n	at org.springframework.batch.core.step.AbstractStep.execute(AbstractStep.java:208)\r\n	at org.springframework.batch.core.job.SimpleStepHandler.handleStep(SimpleStepHandler.java:148)\r\n	at org.springframework.batch.core.job.AbstractJob.handleStep(AbstractJob.java:410)\r\n	at org.springframework.batch.core.job.SimpleJob.doExecute(SimpleJob.java:136)\r\n	at org.springframework.batch.core.job.AbstractJob.execute(AbstractJob.java:319)\r\n	at org.springframework.batch.core.launch.support.SimpleJobLauncher$1.run(SimpleJobLauncher.java:147)\r\n	at org.springframework.core.task.SyncTaskExecutor.execute(SyncTaskExecutor.java:50)\r\n	at org.springframework.batch.core.launch.support.SimpleJobLauncher.run(SimpleJobLauncher.java:140)\r\n	at sun.reflect.NativeMethodAccessorImpl.invoke0(Native Method)\r\n	at sun.reflect.NativeMethodAccessorImpl.invoke(NativeMethodAccessorImpl.java:62)\r\n	at sun.reflect.DelegatingMethodAccessorImpl.invoke(DelegatingMethodAccessorImpl.java:43)\r\n	at java.lang.reflect.Method.invoke(Method.java:498)\r\n	at org.springframework.aop.support.AopUtils.invokeJoinpoi','2020-05-26 19:42:00'),(40,3,'readUser',40,'2020-05-26 19:43:00','2020-05-26 19:43:01','COMPLETED',1,0,0,0,0,0,0,0,'COMPLETED','','2020-05-26 19:43:01'),(41,3,'writeUser',40,'2020-05-26 19:43:01','2020-05-26 19:43:01','COMPLETED',1,0,0,0,0,0,0,0,'COMPLETED','','2020-05-26 19:43:01'),(42,3,'readUser',41,'2020-05-26 19:47:00','2020-05-26 19:47:00','COMPLETED',1,0,0,0,0,0,0,0,'COMPLETED','','2020-05-26 19:47:00'),(43,2,'writeUser',41,'2020-05-26 19:47:01','2020-05-26 19:47:01','FAILED',0,0,0,0,0,0,0,1,'FAILED','java.io.IOException: The system cannot find the path specified\r\n	at java.io.WinNTFileSystem.createFileExclusively(Native Method)\r\n	at java.io.File.createNewFile(File.java:1012)\r\n	at com.example.batchexample.taskletCsvToCsv.FileUtils.initWriter(FileUtils.java:77)\r\n	at com.example.batchexample.taskletCsvToCsv.FileUtils.writeLine(FileUtils.java:44)\r\n	at com.example.batchexample.taskletCsvToCsv.UserWriter.execute(UserWriter.java:40)\r\n	at org.springframework.batch.core.step.tasklet.TaskletStep$ChunkTransactionCallback.doInTransaction(TaskletStep.java:407)\r\n	at org.springframework.batch.core.step.tasklet.TaskletStep$ChunkTransactionCallback.doInTransaction(TaskletStep.java:331)\r\n	at org.springframework.transaction.support.TransactionTemplate.execute(TransactionTemplate.java:140)\r\n	at org.springframework.batch.core.step.tasklet.TaskletStep$2.doInChunkContext(TaskletStep.java:273)\r\n	at org.springframework.batch.core.scope.context.StepContextRepeatCallback.doInIteration(StepContextRepeatCallback.java:82)\r\n	at org.springframework.batch.repeat.support.RepeatTemplate.getNextResult(RepeatTemplate.java:375)\r\n	at org.springframework.batch.repeat.support.RepeatTemplate.executeInternal(RepeatTemplate.java:215)\r\n	at org.springframework.batch.repeat.support.RepeatTemplate.iterate(RepeatTemplate.java:145)\r\n	at org.springframework.batch.core.step.tasklet.TaskletStep.doExecute(TaskletStep.java:258)\r\n	at org.springframework.batch.core.step.AbstractStep.execute(AbstractStep.java:208)\r\n	at org.springframework.batch.core.job.SimpleStepHandler.handleStep(SimpleStepHandler.java:148)\r\n	at org.springframework.batch.core.job.AbstractJob.handleStep(AbstractJob.java:410)\r\n	at org.springframework.batch.core.job.SimpleJob.doExecute(SimpleJob.java:136)\r\n	at org.springframework.batch.core.job.AbstractJob.execute(AbstractJob.java:319)\r\n	at org.springframework.batch.core.launch.support.SimpleJobLauncher$1.run(SimpleJobLauncher.java:147)\r\n	at org.springframework.core.task.SyncTaskExecutor.execute(SyncTaskExecutor.java:50)\r\n	at org.springframework.batch.core.launch.support.SimpleJobLauncher.run(SimpleJobLauncher.java:140)\r\n	at sun.reflect.NativeMethodAccessorImpl.invoke0(Native Method)\r\n	at sun.reflect.NativeMethodAccessorImpl.invoke(NativeMethodAccessorImpl.java:62)\r\n	at sun.reflect.DelegatingMethodAccessorImpl.invoke(DelegatingMethodAccessorImpl.java:43)\r\n	at java.lang.reflect.Method.invoke(Method.java:498)\r\n	at org.springframework.aop.support.AopUtils.invokeJoinpointUsingReflection(AopUtils.ja','2020-05-26 19:47:01'),(44,3,'readUser',42,'2020-05-26 19:49:00','2020-05-26 19:49:00','COMPLETED',1,0,0,0,0,0,0,0,'COMPLETED','','2020-05-26 19:49:00'),(45,3,'writeUser',42,'2020-05-26 19:49:01','2020-05-26 19:49:01','COMPLETED',1,0,0,0,0,0,0,0,'COMPLETED','','2020-05-26 19:49:01'),(46,3,'ETL-file-load',43,'2020-05-27 12:37:24','2020-05-27 12:37:25','COMPLETED',1,3,0,3,0,0,0,0,'COMPLETED','','2020-05-27 12:37:25'),(47,3,'Csv-to-csv-load',44,'2020-05-27 12:37:25','2020-05-27 12:37:25','COMPLETED',1,3,0,3,0,0,0,0,'COMPLETED','','2020-05-27 12:37:25'),(48,3,'readUser',45,'2020-05-29 20:56:55','2020-05-29 20:56:55','COMPLETED',1,0,0,0,0,0,0,0,'COMPLETED','','2020-05-29 20:56:55'),(49,3,'writeUser',45,'2020-05-29 20:56:55','2020-05-29 20:56:55','COMPLETED',1,0,0,0,0,0,0,0,'COMPLETED','','2020-05-29 20:56:55'),(50,3,'ETL-file-load',46,'2020-05-29 20:56:55','2020-05-29 20:56:55','COMPLETED',1,3,0,3,0,0,0,0,'COMPLETED','','2020-05-29 20:56:55'),(51,3,'Csv-to-csv-load',47,'2020-05-29 20:56:55','2020-05-29 20:56:56','COMPLETED',1,3,0,3,0,0,0,0,'COMPLETED','','2020-05-29 20:56:56'),(52,3,'ETL-file-load',48,'2020-05-30 21:23:13','2020-05-30 21:23:13','COMPLETED',1,3,0,3,0,0,0,0,'COMPLETED','','2020-05-30 21:23:13'),(53,3,'Csv-to-csv-load',49,'2020-05-30 21:23:13','2020-05-30 21:23:13','COMPLETED',1,3,0,3,0,0,0,0,'COMPLETED','','2020-05-30 21:23:13'),(54,3,'readUser',50,'2020-05-30 21:23:13','2020-05-30 21:23:13','COMPLETED',1,0,0,0,0,0,0,0,'COMPLETED','','2020-05-30 21:23:13'),(55,3,'writeUser',50,'2020-05-30 21:23:13','2020-05-30 21:23:13','COMPLETED',1,0,0,0,0,0,0,0,'COMPLETED','','2020-05-30 21:23:13'),(56,3,'ETL-file-load',51,'2020-05-31 16:51:29','2020-05-31 16:51:29','COMPLETED',1,3,0,3,0,0,0,0,'COMPLETED','','2020-05-31 16:51:29'),(57,3,'Csv-to-csv-load',52,'2020-05-31 16:51:29','2020-05-31 16:51:29','COMPLETED',1,3,0,3,0,0,0,0,'COMPLETED','','2020-05-31 16:51:29'),(58,3,'Csv-to-csv-load',53,'2020-05-31 19:57:23','2020-05-31 19:57:23','COMPLETED',1,3,0,3,0,0,0,0,'COMPLETED','','2020-05-31 19:57:23');
/*!40000 ALTER TABLE `batch_step_execution` ENABLE KEYS */;
UNLOCK TABLES;

--
-- Table structure for table `batch_step_execution_context`
--

DROP TABLE IF EXISTS `batch_step_execution_context`;
/*!40101 SET @saved_cs_client     = @@character_set_client */;
/*!50503 SET character_set_client = utf8mb4 */;
CREATE TABLE `batch_step_execution_context` (
  `STEP_EXECUTION_ID` bigint NOT NULL,
  `SHORT_CONTEXT` varchar(2500) NOT NULL,
  `SERIALIZED_CONTEXT` text,
  PRIMARY KEY (`STEP_EXECUTION_ID`),
  CONSTRAINT `STEP_EXEC_CTX_FK` FOREIGN KEY (`STEP_EXECUTION_ID`) REFERENCES `batch_step_execution` (`STEP_EXECUTION_ID`)
) ENGINE=InnoDB DEFAULT CHARSET=utf8mb4 COLLATE=utf8mb4_0900_ai_ci;
/*!40101 SET character_set_client = @saved_cs_client */;

--
-- Dumping data for table `batch_step_execution_context`
--

LOCK TABLES `batch_step_execution_context` WRITE;
/*!40000 ALTER TABLE `batch_step_execution_context` DISABLE KEYS */;
INSERT INTO `batch_step_execution_context` VALUES (1,'{\"batch.taskletType\":\"org.springframework.batch.core.step.item.ChunkOrientedTasklet\",\"CSV-Reader.read.count\":4,\"batch.stepType\":\"org.springframework.batch.core.step.tasklet.TaskletStep\"}',NULL),(2,'{\"batch.taskletType\":\"org.springframework.batch.core.step.item.ChunkOrientedTasklet\",\"CSV-Reader.read.count\":4,\"batch.stepType\":\"org.springframework.batch.core.step.tasklet.TaskletStep\"}',NULL),(3,'{\"batch.taskletType\":\"org.springframework.batch.core.step.item.ChunkOrientedTasklet\",\"CSV-Reader.read.count\":0,\"batch.stepType\":\"org.springframework.batch.core.step.tasklet.TaskletStep\"}',NULL),(4,'{\"batch.taskletType\":\"org.springframework.batch.core.step.item.ChunkOrientedTasklet\",\"CSV-Reader.read.count\":4,\"batch.stepType\":\"org.springframework.batch.core.step.tasklet.TaskletStep\"}',NULL),(5,'{\"batch.taskletType\":\"org.springframework.batch.core.step.item.ChunkOrientedTasklet\",\"CSV-Reader.read.count\":4,\"batch.stepType\":\"org.springframework.batch.core.step.tasklet.TaskletStep\"}',NULL),(6,'{\"batch.taskletType\":\"org.springframework.batch.core.step.item.ChunkOrientedTasklet\",\"CSV-Reader.read.count\":4,\"batch.stepType\":\"org.springframework.batch.core.step.tasklet.TaskletStep\"}',NULL),(7,'{\"batch.taskletType\":\"org.springframework.batch.core.step.item.ChunkOrientedTasklet\",\"CSV-Reader.read.count\":4,\"batch.stepType\":\"org.springframework.batch.core.step.tasklet.TaskletStep\"}',NULL),(8,'{\"batch.taskletType\":\"org.springframework.batch.core.step.item.ChunkOrientedTasklet\",\"CSV-Reader.read.count\":4,\"batch.stepType\":\"org.springframework.batch.core.step.tasklet.TaskletStep\"}',NULL),(9,'{\"batch.taskletType\":\"org.springframework.batch.core.step.item.ChunkOrientedTasklet\",\"CSV-Reader.read.count\":4,\"batch.stepType\":\"org.springframework.batch.core.step.tasklet.TaskletStep\"}',NULL),(10,'{\"batch.taskletType\":\"org.springframework.batch.core.step.item.ChunkOrientedTasklet\",\"CSV-Reader.read.count\":0,\"batch.stepType\":\"org.springframework.batch.core.step.tasklet.TaskletStep\"}',NULL),(11,'{\"batch.taskletType\":\"org.springframework.batch.core.step.item.ChunkOrientedTasklet\",\"CSV-Reader.read.count\":4,\"batch.stepType\":\"org.springframework.batch.core.step.tasklet.TaskletStep\"}',NULL),(12,'{\"batch.taskletType\":\"org.springframework.batch.core.step.item.ChunkOrientedTasklet\",\"CSV-Reader.read.count\":4,\"batch.stepType\":\"org.springframework.batch.core.step.tasklet.TaskletStep\"}',NULL),(13,'{}',NULL),(14,'{}',NULL),(15,'{\"FlatFileItemWriter.current.count\":[\"java.lang.Long\",88],\"FlatFileItemWriter.written\":[\"java.lang.Long\",3],\"batch.taskletType\":\"org.springframework.batch.core.step.item.ChunkOrientedTasklet\",\"batch.stepType\":\"org.springframework.batch.core.step.tasklet.TaskletStep\",\"CSV-Reader1.read.count\":4}',NULL),(16,'{\"FlatFileItemWriter.current.count\":[\"java.lang.Long\",88],\"FlatFileItemWriter.written\":[\"java.lang.Long\",3],\"batch.taskletType\":\"org.springframework.batch.core.step.item.ChunkOrientedTasklet\",\"batch.stepType\":\"org.springframework.batch.core.step.tasklet.TaskletStep\",\"CSV-Reader1.read.count\":4}',NULL),(17,'{\"FlatFileItemWriter.current.count\":[\"java.lang.Long\",88],\"FlatFileItemWriter.written\":[\"java.lang.Long\",3],\"batch.taskletType\":\"org.springframework.batch.core.step.item.ChunkOrientedTasklet\",\"batch.stepType\":\"org.springframework.batch.core.step.tasklet.TaskletStep\",\"CSV-Reader1.read.count\":4}',NULL),(18,'{\"FlatFileItemWriter.current.count\":[\"java.lang.Long\",88],\"FlatFileItemWriter.written\":[\"java.lang.Long\",3],\"batch.taskletType\":\"org.springframework.batch.core.step.item.ChunkOrientedTasklet\",\"batch.stepType\":\"org.springframework.batch.core.step.tasklet.TaskletStep\",\"CSV-Reader1.read.count\":4}',NULL),(19,'{\"FlatFileItemWriter.current.count\":[\"java.lang.Long\",88],\"FlatFileItemWriter.written\":[\"java.lang.Long\",3],\"batch.taskletType\":\"org.springframework.batch.core.step.item.ChunkOrientedTasklet\",\"batch.stepType\":\"org.springframework.batch.core.step.tasklet.TaskletStep\",\"CSV-Reader1.read.count\":4}',NULL),(20,'{\"FlatFileItemWriter.current.count\":[\"java.lang.Long\",88],\"FlatFileItemWriter.written\":[\"java.lang.Long\",3],\"batch.taskletType\":\"org.springframework.batch.core.step.item.ChunkOrientedTasklet\",\"batch.stepType\":\"org.springframework.batch.core.step.tasklet.TaskletStep\",\"CSV-Reader1.read.count\":4}',NULL),(21,'{}',NULL),(22,'{\"FlatFileItemWriter.current.count\":[\"java.lang.Long\",85],\"FlatFileItemWriter.written\":[\"java.lang.Long\",3],\"batch.taskletType\":\"org.springframework.batch.core.step.item.ChunkOrientedTasklet\",\"CSV-Reader.read.count\":4,\"batch.stepType\":\"org.springframework.batch.core.step.tasklet.TaskletStep\"}',NULL),(23,'{\"FlatFileItemWriter.current.count\":[\"java.lang.Long\",85],\"FlatFileItemWriter.written\":[\"java.lang.Long\",3],\"batch.taskletType\":\"org.springframework.batch.core.step.item.ChunkOrientedTasklet\",\"CSV-Reader.read.count\":4,\"batch.stepType\":\"org.springframework.batch.core.step.tasklet.TaskletStep\"}',NULL),(24,'{\"FlatFileItemWriter.current.count\":[\"java.lang.Long\",85],\"FlatFileItemWriter.written\":[\"java.lang.Long\",3],\"batch.taskletType\":\"org.springframework.batch.core.step.item.ChunkOrientedTasklet\",\"CSV-Reader.read.count\":4,\"batch.stepType\":\"org.springframework.batch.core.step.tasklet.TaskletStep\"}',NULL),(25,'{\"FlatFileItemWriter.current.count\":[\"java.lang.Long\",85],\"FlatFileItemWriter.written\":[\"java.lang.Long\",3],\"batch.taskletType\":\"org.springframework.batch.core.step.item.ChunkOrientedTasklet\",\"CSV-Reader.read.count\":4,\"batch.stepType\":\"org.springframework.batch.core.step.tasklet.TaskletStep\"}',NULL),(26,'{\"FlatFileItemWriter.current.count\":[\"java.lang.Long\",85],\"FlatFileItemWriter.written\":[\"java.lang.Long\",3],\"batch.taskletType\":\"org.springframework.batch.core.step.item.ChunkOrientedTasklet\",\"CSV-Reader.read.count\":4,\"batch.stepType\":\"org.springframework.batch.core.step.tasklet.TaskletStep\"}',NULL),(27,'{\"FlatFileItemWriter.current.count\":[\"java.lang.Long\",85],\"FlatFileItemWriter.written\":[\"java.lang.Long\",3],\"batch.taskletType\":\"org.springframework.batch.core.step.item.ChunkOrientedTasklet\",\"CSV-Reader.read.count\":4,\"batch.stepType\":\"org.springframework.batch.core.step.tasklet.TaskletStep\"}',NULL),(28,'{\"FlatFileItemWriter.current.count\":[\"java.lang.Long\",85],\"FlatFileItemWriter.written\":[\"java.lang.Long\",3],\"batch.taskletType\":\"org.springframework.batch.core.step.item.ChunkOrientedTasklet\",\"CSV-Reader.read.count\":4,\"batch.stepType\":\"org.springframework.batch.core.step.tasklet.TaskletStep\"}',NULL),(29,'{\"FlatFileItemWriter.current.count\":[\"java.lang.Long\",85],\"FlatFileItemWriter.written\":[\"java.lang.Long\",3],\"batch.taskletType\":\"org.springframework.batch.core.step.item.ChunkOrientedTasklet\",\"CSV-Reader.read.count\":4,\"batch.stepType\":\"org.springframework.batch.core.step.tasklet.TaskletStep\"}',NULL),(30,'{\"batch.taskletType\":\"org.springframework.batch.core.step.item.ChunkOrientedTasklet\",\"CSV-Reader.read.count\":4,\"batch.stepType\":\"org.springframework.batch.core.step.tasklet.TaskletStep\"}',NULL),(31,'{\"FlatFileItemWriter.current.count\":[\"java.lang.Long\",85],\"FlatFileItemWriter.written\":[\"java.lang.Long\",3],\"batch.taskletType\":\"org.springframework.batch.core.step.item.ChunkOrientedTasklet\",\"CSV-Reader.read.count\":4,\"batch.stepType\":\"org.springframework.batch.core.step.tasklet.TaskletStep\"}',NULL),(32,'{\"batch.taskletType\":\"com.example.batchexample.taskletCsvToCsv.UserReader\",\"batch.stepType\":\"org.springframework.batch.core.step.tasklet.TaskletStep\"}',NULL),(33,'{\"batch.taskletType\":\"com.example.batchexample.taskletCsvToCsv.UserReader\",\"batch.stepType\":\"org.springframework.batch.core.step.tasklet.TaskletStep\"}',NULL),(34,'{\"batch.taskletType\":\"com.example.batchexample.taskletCsvToCsv.UserReader\",\"batch.stepType\":\"org.springframework.batch.core.step.tasklet.TaskletStep\"}',NULL),(35,'{\"batch.taskletType\":\"com.example.batchexample.taskletCsvToCsv.UserReader\",\"batch.stepType\":\"org.springframework.batch.core.step.tasklet.TaskletStep\"}',NULL),(36,'{\"batch.taskletType\":\"com.example.batchexample.taskletCsvToCsv.UserReader\",\"batch.stepType\":\"org.springframework.batch.core.step.tasklet.TaskletStep\"}',NULL),(37,'{\"batch.taskletType\":\"com.example.batchexample.taskletCsvToCsv.UserReader\",\"batch.stepType\":\"org.springframework.batch.core.step.tasklet.TaskletStep\"}',NULL),(38,'{\"batch.taskletType\":\"com.example.batchexample.taskletCsvToCsv.UserReader\",\"batch.stepType\":\"org.springframework.batch.core.step.tasklet.TaskletStep\"}',NULL),(39,'{\"batch.taskletType\":\"com.example.batchexample.taskletCsvToCsv.UserReader\",\"batch.stepType\":\"org.springframework.batch.core.step.tasklet.TaskletStep\"}',NULL),(40,'{\"batch.taskletType\":\"com.example.batchexample.taskletCsvToCsv.UserReader\",\"batch.stepType\":\"org.springframework.batch.core.step.tasklet.TaskletStep\"}',NULL),(41,'{\"batch.taskletType\":\"com.example.batchexample.taskletCsvToCsv.UserWriter\",\"batch.stepType\":\"org.springframework.batch.core.step.tasklet.TaskletStep\"}',NULL),(42,'{\"batch.taskletType\":\"com.example.batchexample.taskletCsvToCsv.UserReader\",\"batch.stepType\":\"org.springframework.batch.core.step.tasklet.TaskletStep\"}',NULL),(43,'{\"batch.taskletType\":\"com.example.batchexample.taskletCsvToCsv.UserWriter\",\"batch.stepType\":\"org.springframework.batch.core.step.tasklet.TaskletStep\"}',NULL),(44,'{\"batch.taskletType\":\"com.example.batchexample.taskletCsvToCsv.UserReader\",\"batch.stepType\":\"org.springframework.batch.core.step.tasklet.TaskletStep\"}',NULL),(45,'{\"batch.taskletType\":\"com.example.batchexample.taskletCsvToCsv.UserWriter\",\"batch.stepType\":\"org.springframework.batch.core.step.tasklet.TaskletStep\"}',NULL),(46,'{\"batch.taskletType\":\"org.springframework.batch.core.step.item.ChunkOrientedTasklet\",\"CSV-Reader.read.count\":4,\"batch.stepType\":\"org.springframework.batch.core.step.tasklet.TaskletStep\"}',NULL),(47,'{\"FlatFileItemWriter.current.count\":[\"java.lang.Long\",85],\"FlatFileItemWriter.written\":[\"java.lang.Long\",3],\"batch.taskletType\":\"org.springframework.batch.core.step.item.ChunkOrientedTasklet\",\"CSV-Reader.read.count\":4,\"batch.stepType\":\"org.springframework.batch.core.step.tasklet.TaskletStep\"}',NULL),(48,'{\"batch.taskletType\":\"com.example.batchexample.taskletCsvToCsv.UserReader\",\"batch.stepType\":\"org.springframework.batch.core.step.tasklet.TaskletStep\"}',NULL),(49,'{\"batch.taskletType\":\"com.example.batchexample.taskletCsvToCsv.UserWriter\",\"batch.stepType\":\"org.springframework.batch.core.step.tasklet.TaskletStep\"}',NULL),(50,'{\"batch.taskletType\":\"org.springframework.batch.core.step.item.ChunkOrientedTasklet\",\"CSV-Reader.read.count\":4,\"batch.stepType\":\"org.springframework.batch.core.step.tasklet.TaskletStep\"}',NULL),(51,'{\"FlatFileItemWriter.current.count\":[\"java.lang.Long\",85],\"FlatFileItemWriter.written\":[\"java.lang.Long\",3],\"batch.taskletType\":\"org.springframework.batch.core.step.item.ChunkOrientedTasklet\",\"CSV-Reader.read.count\":4,\"batch.stepType\":\"org.springframework.batch.core.step.tasklet.TaskletStep\"}',NULL),(52,'{\"batch.taskletType\":\"org.springframework.batch.core.step.item.ChunkOrientedTasklet\",\"CSV-Reader.read.count\":4,\"batch.stepType\":\"org.springframework.batch.core.step.tasklet.TaskletStep\"}',NULL),(53,'{\"FlatFileItemWriter.current.count\":[\"java.lang.Long\",85],\"FlatFileItemWriter.written\":[\"java.lang.Long\",3],\"batch.taskletType\":\"org.springframework.batch.core.step.item.ChunkOrientedTasklet\",\"CSV-Reader.read.count\":4,\"batch.stepType\":\"org.springframework.batch.core.step.tasklet.TaskletStep\"}',NULL),(54,'{\"batch.taskletType\":\"com.example.batchexample.taskletCsvToCsv.UserReader\",\"batch.stepType\":\"org.springframework.batch.core.step.tasklet.TaskletStep\"}',NULL),(55,'{\"batch.taskletType\":\"com.example.batchexample.taskletCsvToCsv.UserWriter\",\"batch.stepType\":\"org.springframework.batch.core.step.tasklet.TaskletStep\"}',NULL),(56,'{\"batch.taskletType\":\"org.springframework.batch.core.step.item.ChunkOrientedTasklet\",\"CSV-Reader.read.count\":4,\"batch.stepType\":\"org.springframework.batch.core.step.tasklet.TaskletStep\"}',NULL),(57,'{\"FlatFileItemWriter.current.count\":[\"java.lang.Long\",85],\"FlatFileItemWriter.written\":[\"java.lang.Long\",3],\"batch.taskletType\":\"org.springframework.batch.core.step.item.ChunkOrientedTasklet\",\"CSV-Reader.read.count\":4,\"batch.stepType\":\"org.springframework.batch.core.step.tasklet.TaskletStep\"}',NULL),(58,'{\"FlatFileItemWriter.current.count\":[\"java.lang.Long\",85],\"FlatFileItemWriter.written\":[\"java.lang.Long\",3],\"batch.taskletType\":\"org.springframework.batch.core.step.item.ChunkOrientedTasklet\",\"CSV-Reader.read.count\":4,\"batch.stepType\":\"org.springframework.batch.core.step.tasklet.TaskletStep\"}',NULL);
/*!40000 ALTER TABLE `batch_step_execution_context` ENABLE KEYS */;
UNLOCK TABLES;

--
-- Table structure for table `batch_step_execution_seq`
--

DROP TABLE IF EXISTS `batch_step_execution_seq`;
/*!40101 SET @saved_cs_client     = @@character_set_client */;
/*!50503 SET character_set_client = utf8mb4 */;
CREATE TABLE `batch_step_execution_seq` (
  `ID` bigint NOT NULL,
  `UNIQUE_KEY` char(1) NOT NULL,
  UNIQUE KEY `UNIQUE_KEY_UN` (`UNIQUE_KEY`)
) ENGINE=InnoDB DEFAULT CHARSET=utf8mb4 COLLATE=utf8mb4_0900_ai_ci;
/*!40101 SET character_set_client = @saved_cs_client */;

--
-- Dumping data for table `batch_step_execution_seq`
--

LOCK TABLES `batch_step_execution_seq` WRITE;
/*!40000 ALTER TABLE `batch_step_execution_seq` DISABLE KEYS */;
INSERT INTO `batch_step_execution_seq` VALUES (58,'0');
/*!40000 ALTER TABLE `batch_step_execution_seq` ENABLE KEYS */;
UNLOCK TABLES;

--
-- Table structure for table `user`
--

DROP TABLE IF EXISTS `user`;
/*!40101 SET @saved_cs_client     = @@character_set_client */;
/*!50503 SET character_set_client = utf8mb4 */;
CREATE TABLE `user` (
  `id` int NOT NULL AUTO_INCREMENT,
  `name` varchar(45) DEFAULT NULL,
  `email` varchar(45) DEFAULT NULL,
  `salary` int DEFAULT NULL,
  PRIMARY KEY (`id`)
) ENGINE=InnoDB AUTO_INCREMENT=19 DEFAULT CHARSET=utf8mb4 COLLATE=utf8mb4_0900_ai_ci;
/*!40101 SET character_set_client = @saved_cs_client */;

--
-- Dumping data for table `user`
--

LOCK TABLES `user` WRITE;
/*!40000 ALTER TABLE `user` DISABLE KEYS */;
INSERT INTO `user` VALUES (4,'Steve','steve@gmailcom',1100),(5,'Peter','peter@gmailcom',2000),(6,'John','john@gmailcom',3000),(7,'Steve','steve@gmailcom',1100),(8,'Peter','peter@gmailcom',2000),(9,'John','john@gmailcom',3000),(10,'Steve','steve@gmailcom',1100),(11,'Peter','peter@gmailcom',2000),(12,'John','john@gmailcom',3000),(13,'Steve','steve@gmailcom',1100),(14,'Peter','peter@gmailcom',2000),(15,'John','john@gmailcom',3000),(16,'Steve','steve@gmailcom',1100),(17,'Peter','peter@gmailcom',2000),(18,'John','john@gmailcom',3000);
/*!40000 ALTER TABLE `user` ENABLE KEYS */;
UNLOCK TABLES;
/*!40103 SET TIME_ZONE=@OLD_TIME_ZONE */;

/*!40101 SET SQL_MODE=@OLD_SQL_MODE */;
/*!40014 SET FOREIGN_KEY_CHECKS=@OLD_FOREIGN_KEY_CHECKS */;
/*!40014 SET UNIQUE_CHECKS=@OLD_UNIQUE_CHECKS */;
/*!40101 SET CHARACTER_SET_CLIENT=@OLD_CHARACTER_SET_CLIENT */;
/*!40101 SET CHARACTER_SET_RESULTS=@OLD_CHARACTER_SET_RESULTS */;
/*!40101 SET COLLATION_CONNECTION=@OLD_COLLATION_CONNECTION */;
/*!40111 SET SQL_NOTES=@OLD_SQL_NOTES */;

-- Dump completed on 2020-08-24 17:24:04
